城市,日期,小时,AQI,空气质量等级,PM2.5
北京市,2025-12-02,20,19.0,优,7.0
北京市,2025-12-03,11,25.0,优,8.0
北京市,2025-12-03,2,24.0,优,9.0
北京市,2025-12-03,15,32.0,优,14.0
北京市,2025-12-02,22,17.0,优,6.0
北京市,2025-12-03,5,17.0,优,3.0
北京市,2025-12-03,8,18.0,优,5.0
北京市,2025-12-03,12,27.0,优,10.0
北京市,2025-12-02,21,18.0,优,6.0
北京市,2025-12-02,23,18.0,优,6.0
北京市,2025-12-03,16,33.0,优,15.0
北京市,2025-12-03,3,18.0,优,6.0
北京市,2025-12-03,6,17.0,优,4.0
北京市,2025-12-03,9,21.0,优,7.0
北京市,2025-12-03,13,29.0,优,11.0
北京市,2025-12-03,7,16.0,优,4.0
北京市,2025-12-03,0,24.0,优,9.0
北京市,2025-12-03,10,21.0,优,7.0
北京市,2025-12-03,17,36.0,优,18.0
北京市,2025-12-03,4,16.0,优,4.0
北京市,2025-12-03,14,31.0,优,13.0
北京市,2025-12-03,1,27.0,优,10.0
北京市,2025-12-03,18,44.0,优,21.0
天津市,2025-12-02,20,35.0,优,14.0
天津市,2025-12-03,11,23.0,优,11.0
天津市,2025-12-03,2,41.0,优,18.0
天津市,2025-12-03,15,29.0,优,13.0
天津市,2025-12-02,22,45.0,优,19.0
天津市,2025-12-03,8,51.0,良,27.0
天津市,2025-12-03,5,39.0,优,20.0
天津市,2025-12-03,12,24.0,优,12.0
天津市,2025-12-02,21,45.0,优,18.0
天津市,2025-12-02,23,44.0,优,19.0
天津市,2025-12-03,16,31.0,优,13.0
天津市,2025-12-03,3,39.0,优,18.0
天津市,2025-12-03,6,44.0,优,23.0
天津市,2025-12-03,9,50.0,优,25.0
天津市,2025-12-03,13,25.0,优,12.0
天津市,2025-12-03,7,47.0,优,25.0
天津市,2025-12-03,0,40.0,优,18.0
天津市,2025-12-03,10,30.0,优,15.0
天津市,2025-12-03,17,36.0,优,16.0
天津市,2025-12-03,4,38.0,优,18.0
天津市,2025-12-03,14,28.0,优,13.0
天津市,2025-12-03,1,40.0,优,18.0
天津市,2025-12-03,18,46.0,优,20.0
石家庄市,2025-12-02,20,52.0,良,27.0
石家庄市,2025-12-03,11,56.0,良,22.0
石家庄市,2025-12-03,2,51.0,良,24.0
石家庄市,2025-12-03,15,35.0,优,11.0
石家庄市,2025-12-02,22,53.0,良,28.0
石家庄市,2025-12-03,5,51.0,良,23.0
石家庄市,2025-12-03,8,57.0,良,28.0
石家庄市,2025-12-03,12,43.0,优,15.0
石家庄市,2025-12-02,21,53.0,良,24.0
石家庄市,2025-12-02,23,54.0,良,31.0
石家庄市,2025-12-03,16,38.0,优,14.0
石家庄市,2025-12-03,3,51.0,良,26.0
石家庄市,2025-12-03,6,51.0,良,26.0
石家庄市,2025-12-03,9,59.0,良,28.0
石家庄市,2025-12-03,13,32.0,优,12.0
石家庄市,2025-12-03,7,54.0,良,28.0
石家庄市,2025-12-03,0,52.0,良,25.0
石家庄市,2025-12-03,10,56.0,良,28.0
石家庄市,2025-12-03,17,39.0,优,15.0
石家庄市,2025-12-03,4,51.0,良,24.0
石家庄市,2025-12-03,14,32.0,优,12.0
石家庄市,2025-12-03,1,51.0,良,24.0
石家庄市,2025-12-03,18,44.0,优,17.0
唐山市,2025-12-02,20,30.0,优,15.0
唐山市,2025-12-03,11,19.0,优,4.0
唐山市,2025-12-03,2,16.0,优,11.0
唐山市,2025-12-03,15,21.0,优,3.0
唐山市,2025-12-02,22,29.0,优,14.0
唐山市,2025-12-03,5,30.0,优,15.0
唐山市,2025-12-03,8,35.0,优,16.0
唐山市,2025-12-03,12,20.0,优,3.0
唐山市,2025-12-02,21,32.0,优,17.0
唐山市,2025-12-02,23,24.0,优,10.0
唐山市,2025-12-03,16,19.0,优,4.0
唐山市,2025-12-03,3,14.0,优,6.0
唐山市,2025-12-03,6,36.0,优,15.0
唐山市,2025-12-03,9,35.0,优,17.0
唐山市,2025-12-03,13,21.0,优,3.0
唐山市,2025-12-03,7,32.0,优,17.0
唐山市,2025-12-03,0,17.0,优,7.0
唐山市,2025-12-03,10,21.0,优,7.0
唐山市,2025-12-03,17,21.0,优,6.0
唐山市,2025-12-03,4,21.0,优,9.0
唐山市,2025-12-03,14,22.0,优,3.0
唐山市,2025-12-03,1,14.0,优,6.0
唐山市,2025-12-03,18,32.0,优,12.0
秦皇岛市,2025-12-02,20,34.0,优,22.0
秦皇岛市,2025-12-03,11,20.0,优,7.0
秦皇岛市,2025-12-03,2,20.0,优,12.0
秦皇岛市,2025-12-03,15,20.0,优,9.0
秦皇岛市,2025-12-02,22,42.0,优,24.0
秦皇岛市,2025-12-03,5,25.0,优,11.0
秦皇岛市,2025-12-03,8,22.0,优,11.0
秦皇岛市,2025-12-03,12,20.0,优,6.0
秦皇岛市,2025-12-02,21,36.0,优,24.0
秦皇岛市,2025-12-02,23,34.0,优,22.0
秦皇岛市,2025-12-03,16,20.0,优,10.0
秦皇岛市,2025-12-03,3,19.0,优,12.0
秦皇岛市,2025-12-03,6,20.0,优,13.0
秦皇岛市,2025-12-03,9,22.0,优,8.0
秦皇岛市,2025-12-03,13,20.0,优,6.0
秦皇岛市,2025-12-03,7,19.0,优,13.0
秦皇岛市,2025-12-03,10,19.0,优,8.0
秦皇岛市,2025-12-03,0,31.0,优,14.0
秦皇岛市,2025-12-03,17,27.0,优,13.0
秦皇岛市,2025-12-03,4,20.0,优,13.0
秦皇岛市,2025-12-03,14,20.0,优,7.0
秦皇岛市,2025-12-03,1,21.0,优,12.0
秦皇岛市,2025-12-03,18,40.0,优,19.0
北京市,2025-12-03,19,51.0,良,25.0
北京市,2025-12-03,23,53.0,良,25.0
北京市,2025-12-04,7,28.0,优,12.0
北京市,2025-12-04,0,54.0,良,27.0
北京市,2025-12-04,3,50.0,优,23.0
北京市,2025-12-03,20,53.0,良,26.0
北京市,2025-12-04,4,47.0,优,22.0
北京市,2025-12-04,8,21.0,优,8.0
北京市,2025-12-04,5,47.0,优,22.0
北京市,2025-12-04,6,40.0,优,18.0
北京市,2025-12-04,1,54.0,良,27.0
北京市,2025-12-04,2,52.0,良,26.0
北京市,2025-12-03,21,52.0,良,25.0
北京市,2025-12-04,9,16.0,优,5.0
北京市,2025-12-03,22,52.0,良,24.0
天津市,2025-12-03,19,53.0,良,26.0
天津市,2025-12-03,23,52.0,良,26.0
天津市,2025-12-04,7,67.0,良,48.0
天津市,2025-12-04,0,54.0,良,28.0
天津市,2025-12-04,3,59.0,良,36.0
天津市,2025-12-03,20,55.0,良,29.0
天津市,2025-12-04,4,62.0,良,41.0
天津市,2025-12-04,8,61.0,良,39.0
天津市,2025-12-04,5,64.0,良,44.0
天津市,2025-12-04,6,66.0,良,47.0
天津市,2025-12-04,1,56.0,良,31.0
天津市,2025-12-04,2,57.0,良,33.0
天津市,2025-12-03,21,55.0,良,29.0
天津市,2025-12-04,9,51.0,良,26.0
天津市,2025-12-03,22,53.0,良,26.0
石家庄市,2025-12-03,19,48.0,优,21.0
石家庄市,2025-12-03,23,61.0,良,33.0
石家庄市,2025-12-04,7,63.0,良,38.0
石家庄市,2025-12-04,0,61.0,良,34.0
石家庄市,2025-12-04,3,60.0,良,37.0
石家庄市,2025-12-03,20,54.0,良,25.0
石家庄市,2025-12-04,4,58.0,良,33.0
石家庄市,2025-12-04,8,66.0,良,36.0
石家庄市,2025-12-04,6,61.0,良,35.0
石家庄市,2025-12-04,1,63.0,良,33.0
石家庄市,2025-12-04,2,61.0,良,34.0
石家庄市,2025-12-03,21,56.0,良,27.0
石家庄市,2025-12-04,9,70.0,良,32.0
石家庄市,2025-12-04,5,62.0,良,34.0
石家庄市,2025-12-03,22,58.0,良,29.0
唐山市,2025-12-03,19,38.0,优,17.0
唐山市,2025-12-03,23,53.0,良,27.0
唐山市,2025-12-04,7,61.0,良,39.0
唐山市,2025-12-04,0,52.0,良,23.0
唐山市,2025-12-04,3,45.0,优,17.0
唐山市,2025-12-03,20,48.0,优,20.0
唐山市,2025-12-04,4,53.0,良,24.0
唐山市,2025-12-04,8,65.0,良,43.0
唐山市,2025-12-04,6,55.0,良,31.0
唐山市,2025-12-04,1,51.0,良,22.0
唐山市,2025-12-04,2,49.0,优,21.0
唐山市,2025-12-03,21,54.0,良,24.0
唐山市,2025-12-04,9,65.0,良,44.0
唐山市,2025-12-04,5,55.0,良,26.0
唐山市,2025-12-03,22,58.0,良,34.0
秦皇岛市,2025-12-03,19,39.0,优,24.0
秦皇岛市,2025-12-03,23,38.0,优,24.0
秦皇岛市,2025-12-04,7,53.0,良,29.0
秦皇岛市,2025-12-04,0,41.0,优,22.0
秦皇岛市,2025-12-04,3,50.0,优,24.0
秦皇岛市,2025-12-03,20,40.0,优,24.0
秦皇岛市,2025-12-04,4,45.0,优,23.0
秦皇岛市,2025-12-04,8,53.0,良,30.0
秦皇岛市,2025-12-04,6,51.0,良,26.0
秦皇岛市,2025-12-04,1,45.0,优,24.0
秦皇岛市,2025-12-04,2,51.0,良,25.0
秦皇岛市,2025-12-03,21,36.0,优,23.0
秦皇岛市,2025-12-04,9,47.0,优,25.0
秦皇岛市,2025-12-04,5,48.0,优,26.0
秦皇岛市,2025-12-03,22,33.0,优,23.0
北京市,2025-12-04,11,19.0,优,3.0
北京市,2025-12-04,18,18.0,优,8.0
北京市,2025-12-04,15,19.0,优,4.0
北京市,2025-12-04,12,19.0,优,4.0
北京市,2025-12-04,16,18.0,优,4.0
北京市,2025-12-04,17,16.0,优,6.0
北京市,2025-12-04,13,19.0,优,4.0
北京市,2025-12-04,14,19.0,优,4.0
北京市,2025-12-04,10,19.0,优,3.0
天津市,2025-12-04,11,26.0,优,9.0
天津市,2025-12-04,18,23.0,优,10.0
天津市,2025-12-04,15,19.0,优,4.0
天津市,2025-12-04,12,20.0,优,7.0
天津市,2025-12-04,16,18.0,优,5.0
天津市,2025-12-04,17,16.0,优,7.0
天津市,2025-12-04,13,18.0,优,5.0
天津市,2025-12-04,14,19.0,优,4.0
天津市,2025-12-04,10,35.0,优,15.0
石家庄市,2025-12-04,11,57.0,良,24.0
石家庄市,2025-12-04,18,57.0,良,30.0
石家庄市,2025-12-04,15,48.0,优,23.0
石家庄市,2025-12-04,12,52.0,良,22.0
石家庄市,2025-12-04,16,54.0,良,25.0
石家庄市,2025-12-04,17,53.0,良,30.0
石家庄市,2025-12-04,13,49.0,优,22.0
石家庄市,2025-12-04,14,47.0,优,22.0
石家庄市,2025-12-04,10,62.0,良,31.0
唐山市,2025-12-04,11,31.0,优,15.0
唐山市,2025-12-04,18,24.0,优,9.0
唐山市,2025-12-04,15,20.0,优,3.0
唐山市,2025-12-04,12,19.0,优,7.0
唐山市,2025-12-04,16,19.0,优,6.0
唐山市,2025-12-04,17,17.0,优,5.0
唐山市,2025-12-04,13,20.0,优,3.0
唐山市,2025-12-04,14,20.0,优,4.0
唐山市,2025-12-04,10,56.0,良,32.0
秦皇岛市,2025-12-04,11,27.0,优,11.0
秦皇岛市,2025-12-04,18,25.0,优,17.0
秦皇岛市,2025-12-04,15,20.0,优,7.0
秦皇岛市,2025-12-04,12,21.0,优,9.0
秦皇岛市,2025-12-04,16,19.0,优,9.0
秦皇岛市,2025-12-04,17,21.0,优,14.0
秦皇岛市,2025-12-04,13,20.0,优,7.0
秦皇岛市,2025-12-04,14,20.0,优,8.0
秦皇岛市,2025-12-04,10,37.0,优,17.0
邯郸市,2025-12-03,20,48.0,优,33.0
邯郸市,2025-12-04,11,62.0,良,44.0
邯郸市,2025-12-04,18,59.0,良,42.0
邯郸市,2025-12-04,3,78.0,良,57.0
邯郸市,2025-12-03,23,57.0,良,40.0
邯郸市,2025-12-04,15,50.0,优,34.0
邯郸市,2025-12-04,7,67.0,良,48.0
邯郸市,2025-12-03,21,55.0,良,39.0
邯郸市,2025-12-04,12,60.0,良,43.0
邯郸市,2025-12-04,16,52.0,良,36.0
邯郸市,2025-12-04,17,56.0,良,37.0
邯郸市,2025-12-04,13,62.0,良,44.0
邯郸市,2025-12-04,0,62.0,良,44.0
邯郸市,2025-12-04,8,68.0,良,49.0
邯郸市,2025-12-04,4,62.0,良,44.0
邯郸市,2025-12-04,5,62.0,良,44.0
邯郸市,2025-12-03,22,53.0,良,37.0
邯郸市,2025-12-04,6,67.0,良,48.0
邯郸市,2025-12-04,1,59.0,良,42.0
邯郸市,2025-12-04,14,59.0,良,40.0
邯郸市,2025-12-04,9,75.0,良,55.0
邯郸市,2025-12-04,10,77.0,良,56.0
邯郸市,2025-12-04,2,60.0,良,43.0
邢台市,2025-12-03,20,55.0,良,38.0
邢台市,2025-12-04,11,59.0,良,36.0
邢台市,2025-12-04,18,57.0,良,36.0
邢台市,2025-12-04,3,66.0,良,39.0
邢台市,2025-12-03,23,71.0,良,40.0
邢台市,2025-12-04,15,54.0,良,36.0
邢台市,2025-12-04,7,66.0,良,45.0
邢台市,2025-12-03,21,60.0,良,36.0
邢台市,2025-12-04,12,62.0,良,31.0
邢台市,2025-12-04,16,53.0,良,34.0
邢台市,2025-12-04,17,54.0,良,30.0
邢台市,2025-12-04,13,82.0,良,60.0
邢台市,2025-12-04,0,64.0,良,46.0
邢台市,2025-12-04,8,68.0,良,45.0
邢台市,2025-12-04,4,58.0,良,34.0
邢台市,2025-12-04,5,65.0,良,47.0
邢台市,2025-12-03,22,62.0,良,33.0
邢台市,2025-12-04,6,65.0,良,38.0
邢台市,2025-12-04,1,95.0,良,71.0
邢台市,2025-12-04,14,74.0,良,54.0
邢台市,2025-12-04,9,67.0,良,40.0
邢台市,2025-12-04,10,58.0,良,33.0
邢台市,2025-12-04,2,68.0,良,49.0
保定市,2025-12-03,20,58.0,良,32.0
保定市,2025-12-04,2,67.0,良,48.0
保定市,2025-12-04,11,66.0,良,41.0
保定市,2025-12-04,18,57.0,良,24.0
保定市,2025-12-04,3,73.0,良,53.0
保定市,2025-12-03,23,63.0,良,45.0
保定市,2025-12-04,15,39.0,优,14.0
保定市,2025-12-04,7,74.0,良,54.0
保定市,2025-12-03,21,62.0,良,40.0
保定市,2025-12-04,12,61.0,良,33.0
保定市,2025-12-04,16,40.0,优,21.0
保定市,2025-12-04,17,47.0,优,18.0
保定市,2025-12-04,13,51.0,良,23.0
保定市,2025-12-04,8,75.0,良,52.0
保定市,2025-12-04,4,78.0,良,57.0
保定市,2025-12-04,5,77.0,良,56.0
保定市,2025-12-03,22,64.0,良,41.0
保定市,2025-12-04,6,75.0,良,55.0
保定市,2025-12-04,1,63.0,良,45.0
保定市,2025-12-04,14,46.0,优,19.0
保定市,2025-12-04,9,77.0,良,53.0
保定市,2025-12-04,10,73.0,良,52.0
保定市,2025-12-04,0,64.0,良,46.0
承德市,2025-12-03,20,37.0,优,24.0
承德市,2025-12-04,2,42.0,优,26.0
承德市,2025-12-04,11,20.0,优,9.0
承德市,2025-12-04,18,19.0,优,8.0
承德市,2025-12-04,3,37.0,优,18.0
承德市,2025-12-03,23,39.0,优,18.0
承德市,2025-12-04,15,21.0,优,5.0
承德市,2025-12-04,7,32.0,优,18.0
承德市,2025-12-03,21,36.0,优,23.0
承德市,2025-12-04,12,20.0,优,7.0
承德市,2025-12-04,16,20.0,优,6.0
承德市,2025-12-04,17,24.0,优,8.0
承德市,2025-12-04,13,20.0,优,8.0
承德市,2025-12-04,8,44.0,优,22.0
承德市,2025-12-04,4,39.0,优,19.0
承德市,2025-12-04,5,37.0,优,22.0
承德市,2025-12-03,22,35.0,优,22.0
承德市,2025-12-04,6,32.0,优,19.0
承德市,2025-12-04,1,44.0,优,21.0
承德市,2025-12-04,14,25.0,优,8.0
承德市,2025-12-04,9,38.0,优,12.0
承德市,2025-12-04,10,19.0,优,3.0
承德市,2025-12-04,0,38.0,优,20.0
沧州市,2025-12-03,20,54.0,良,30.0
沧州市,2025-12-04,2,62.0,良,44.0
沧州市,2025-12-04,11,63.0,良,38.0
沧州市,2025-12-04,18,36.0,优,15.0
沧州市,2025-12-04,3,62.0,良,44.0
沧州市,2025-12-03,23,56.0,良,36.0
沧州市,2025-12-04,15,37.0,优,14.0
沧州市,2025-12-04,7,72.0,良,52.0
沧州市,2025-12-03,21,55.0,良,34.0
沧州市,2025-12-04,12,69.0,良,19.0
沧州市,2025-12-04,16,31.0,优,11.0
沧州市,2025-12-04,17,31.0,优,12.0
沧州市,2025-12-04,13,64.0,良,15.0
沧州市,2025-12-04,8,72.0,良,52.0
沧州市,2025-12-04,4,70.0,良,51.0
沧州市,2025-12-04,5,73.0,良,53.0
沧州市,2025-12-04,6,72.0,良,52.0
沧州市,2025-12-04,1,55.0,良,35.0
沧州市,2025-12-04,14,50.0,优,12.0
沧州市,2025-12-04,9,79.0,良,58.0
沧州市,2025-12-04,10,78.0,良,57.0
沧州市,2025-12-04,0,54.0,良,36.0
沧州市,2025-12-03,22,54.0,良,35.0
廊坊市,2025-12-03,20,57.0,良,39.0
廊坊市,2025-12-04,2,72.0,良,52.0
廊坊市,2025-12-04,11,21.0,优,12.0
廊坊市,2025-12-04,18,20.0,优,8.0
廊坊市,2025-12-04,3,72.0,良,52.0
廊坊市,2025-12-03,23,56.0,良,35.0
廊坊市,2025-12-04,15,20.0,优,6.0
廊坊市,2025-12-04,7,58.0,良,24.0
廊坊市,2025-12-03,21,60.0,良,40.0
廊坊市,2025-12-04,12,28.0,优,19.0
廊坊市,2025-12-04,16,19.0,优,8.0
廊坊市,2025-12-04,17,17.0,优,5.0
廊坊市,2025-12-04,13,19.0,优,6.0
廊坊市,2025-12-04,8,47.0,优,19.0
廊坊市,2025-12-04,4,77.0,良,56.0
廊坊市,2025-12-04,5,82.0,良,60.0
廊坊市,2025-12-04,6,74.0,良,54.0
廊坊市,2025-12-04,1,77.0,良,56.0
廊坊市,2025-12-04,14,20.0,优,5.0
廊坊市,2025-12-04,9,44.0,优,24.0
廊坊市,2025-12-04,10,31.0,优,11.0
廊坊市,2025-12-04,0,68.0,良,49.0
廊坊市,2025-12-03,22,56.0,良,33.0
衡水市,2025-12-03,20,46.0,优,26.0
衡水市,2025-12-04,2,69.0,良,50.0
衡水市,2025-12-04,11,72.0,良,52.0
衡水市,2025-12-04,18,60.0,良,28.0
衡水市,2025-12-04,3,68.0,良,49.0
衡水市,2025-12-03,23,56.0,良,37.0
衡水市,2025-12-04,15,50.0,优,23.0
衡水市,2025-12-04,7,89.0,良,66.0
衡水市,2025-12-03,21,43.0,优,26.0
衡水市,2025-12-04,12,55.0,良,29.0
衡水市,2025-12-04,16,52.0,良,28.0
衡水市,2025-12-04,17,55.0,良,27.0
衡水市,2025-12-04,13,53.0,良,31.0
衡水市,2025-12-04,8,89.0,良,66.0
衡水市,2025-12-04,4,79.0,良,58.0
衡水市,2025-12-04,5,77.0,良,56.0
衡水市,2025-12-04,6,84.0,良,62.0
衡水市,2025-12-04,1,60.0,良,42.0
衡水市,2025-12-04,14,48.0,优,24.0
衡水市,2025-12-04,9,82.0,良,60.0
衡水市,2025-12-04,10,79.0,良,58.0
衡水市,2025-12-04,0,62.0,良,44.0
衡水市,2025-12-03,22,49.0,优,30.0
北京市,2025-12-04,22,34.0,优,16.0
北京市,2025-12-05,0,34.0,优,16.0
北京市,2025-12-05,2,32.0,优,14.0
北京市,2025-12-05,6,31.0,优,14.0
北京市,2025-12-05,8,31.0,优,14.0
北京市,2025-12-04,20,28.0,优,14.0
北京市,2025-12-05,4,32.0,优,15.0
北京市,2025-12-04,23,37.0,优,18.0
北京市,2025-12-05,1,32.0,优,15.0
北京市,2025-12-04,21,29.0,优,14.0
北京市,2025-12-05,7,31.0,优,15.0
北京市,2025-12-05,3,32.0,优,15.0
北京市,2025-12-05,5,31.0,优,14.0
北京市,2025-12-04,19,25.0,优,12.0
天津市,2025-12-04,22,42.0,优,20.0
天津市,2025-12-05,0,53.0,良,29.0
天津市,2025-12-05,2,56.0,良,34.0
天津市,2025-12-05,6,45.0,优,25.0
天津市,2025-12-05,8,49.0,优,26.0
天津市,2025-12-04,20,34.0,优,16.0
天津市,2025-12-05,4,54.0,良,33.0
天津市,2025-12-04,23,51.0,良,28.0
天津市,2025-12-05,1,55.0,良,31.0
天津市,2025-12-04,21,35.0,优,16.0
天津市,2025-12-05,7,49.0,优,28.0
天津市,2025-12-05,3,56.0,良,35.0
天津市,2025-12-05,5,50.0,优,29.0
天津市,2025-12-04,19,28.0,优,12.0
石家庄市,2025-12-04,22,63.0,良,38.0
石家庄市,2025-12-05,0,61.0,良,39.0
石家庄市,2025-12-05,2,65.0,良,44.0
石家庄市,2025-12-05,6,67.0,良,48.0
石家庄市,2025-12-05,8,73.0,良,49.0
石家庄市,2025-12-04,20,59.0,良,35.0
石家庄市,2025-12-05,4,66.0,良,46.0
石家庄市,2025-12-04,23,60.0,良,38.0
石家庄市,2025-12-05,1,64.0,良,43.0
石家庄市,2025-12-04,21,61.0,良,39.0
石家庄市,2025-12-05,7,69.0,良,48.0
石家庄市,2025-12-05,3,67.0,良,46.0
石家庄市,2025-12-05,5,67.0,良,44.0
石家庄市,2025-12-04,19,57.0,良,31.0
唐山市,2025-12-04,22,35.0,优,23.0
唐山市,2025-12-05,0,33.0,优,20.0
唐山市,2025-12-05,2,43.0,优,24.0
唐山市,2025-12-05,6,50.0,优,22.0
唐山市,2025-12-05,8,54.0,良,30.0
唐山市,2025-12-04,20,31.0,优,15.0
唐山市,2025-12-05,4,43.0,优,23.0
唐山市,2025-12-04,23,33.0,优,20.0
唐山市,2025-12-05,1,37.0,优,23.0
唐山市,2025-12-04,21,35.0,优,19.0
唐山市,2025-12-05,7,48.0,优,23.0
唐山市,2025-12-05,3,38.0,优,24.0
唐山市,2025-12-05,5,49.0,优,25.0
唐山市,2025-12-04,19,29.0,优,15.0
秦皇岛市,2025-12-04,22,46.0,优,27.0
秦皇岛市,2025-12-05,0,38.0,优,23.0
秦皇岛市,2025-12-05,2,38.0,优,26.0
秦皇岛市,2025-12-05,6,29.0,优,15.0
秦皇岛市,2025-12-05,8,29.0,优,15.0
秦皇岛市,2025-12-04,20,36.0,优,22.0
秦皇岛市,2025-12-05,4,31.0,优,18.0
秦皇岛市,2025-12-04,23,41.0,优,24.0
秦皇岛市,2025-12-05,1,35.0,优,23.0
秦皇岛市,2025-12-04,21,40.0,优,23.0
秦皇岛市,2025-12-05,7,31.0,优,15.0
秦皇岛市,2025-12-05,3,32.0,优,21.0
秦皇岛市,2025-12-05,5,29.0,优,17.0
秦皇岛市,2025-12-04,19,33.0,优,19.0
邯郸市,2025-12-04,19,64.0,良,46.0
邯郸市,2025-12-04,22,82.0,良,60.0
邯郸市,2025-12-05,0,83.0,良,61.0
邯郸市,2025-12-05,2,83.0,良,61.0
邯郸市,2025-12-05,6,84.0,良,62.0
邯郸市,2025-12-05,8,92.0,良,68.0
邯郸市,2025-12-04,20,72.0,良,52.0
邯郸市,2025-12-05,4,79.0,良,58.0
邯郸市,2025-12-04,23,87.0,良,64.0
邯郸市,2025-12-05,1,84.0,良,62.0
邯郸市,2025-12-04,21,77.0,良,56.0
邯郸市,2025-12-05,7,88.0,良,65.0
邯郸市,2025-12-05,3,82.0,良,60.0
邯郸市,2025-12-05,5,84.0,良,62.0
邢台市,2025-12-04,19,64.0,良,42.0
邢台市,2025-12-04,22,72.0,良,49.0
邢台市,2025-12-05,0,72.0,良,52.0
邢台市,2025-12-05,2,74.0,良,50.0
邢台市,2025-12-05,6,72.0,良,50.0
邢台市,2025-12-05,8,75.0,良,55.0
邢台市,2025-12-04,20,65.0,良,44.0
邢台市,2025-12-05,4,70.0,良,45.0
邢台市,2025-12-04,23,69.0,良,49.0
邢台市,2025-12-05,1,68.0,良,46.0
邢台市,2025-12-04,21,70.0,良,44.0
邢台市,2025-12-05,7,75.0,良,55.0
邢台市,2025-12-05,3,71.0,良,45.0
邢台市,2025-12-05,5,71.0,良,50.0
保定市,2025-12-04,19,54.0,良,26.0
保定市,2025-12-04,22,59.0,良,34.0
保定市,2025-12-05,0,60.0,良,35.0
保定市,2025-12-05,2,57.0,良,36.0
保定市,2025-12-05,6,69.0,良,50.0
保定市,2025-12-05,8,77.0,良,56.0
保定市,2025-12-04,20,54.0,良,29.0
保定市,2025-12-05,4,60.0,良,39.0
保定市,2025-12-04,23,59.0,良,32.0
保定市,2025-12-05,1,61.0,良,34.0
保定市,2025-12-04,21,57.0,良,30.0
保定市,2025-12-05,7,75.0,良,55.0
保定市,2025-12-05,3,58.0,良,37.0
保定市,2025-12-05,5,63.0,良,43.0
承德市,2025-12-04,19,18.0,优,10.0
承德市,2025-12-04,22,32.0,优,22.0
承德市,2025-12-05,0,32.0,优,20.0
承德市,2025-12-05,2,29.0,优,16.0
承德市,2025-12-05,6,32.0,优,15.0
承德市,2025-12-05,8,36.0,优,16.0
承德市,2025-12-04,20,27.0,优,10.0
承德市,2025-12-05,4,25.0,优,12.0
承德市,2025-12-04,23,27.0,优,18.0
承德市,2025-12-05,1,26.0,优,12.0
承德市,2025-12-04,21,26.0,优,13.0
承德市,2025-12-05,7,29.0,优,19.0
承德市,2025-12-05,3,27.0,优,16.0
承德市,2025-12-05,5,27.0,优,12.0
沧州市,2025-12-04,19,42.0,优,23.0
沧州市,2025-12-04,22,46.0,优,26.0
沧州市,2025-12-05,0,41.0,优,25.0
沧州市,2025-12-05,2,33.0,优,16.0
沧州市,2025-12-05,6,41.0,优,24.0
沧州市,2025-12-05,8,46.0,优,28.0
沧州市,2025-12-04,20,51.0,良,28.0
沧州市,2025-12-05,4,37.0,优,23.0
沧州市,2025-12-04,23,42.0,优,26.0
沧州市,2025-12-05,1,35.0,优,20.0
沧州市,2025-12-04,21,48.0,优,27.0
沧州市,2025-12-05,7,46.0,优,28.0
沧州市,2025-12-05,3,35.0,优,24.0
沧州市,2025-12-05,5,38.0,优,26.0
廊坊市,2025-12-04,19,29.0,优,20.0
廊坊市,2025-12-05,0,35.0,优,24.0
廊坊市,2025-12-04,22,40.0,优,23.0
廊坊市,2025-12-05,2,38.0,优,24.0
廊坊市,2025-12-05,6,44.0,优,24.0
廊坊市,2025-12-05,8,46.0,优,24.0
廊坊市,2025-12-04,20,40.0,优,25.0
廊坊市,2025-12-05,4,46.0,优,27.0
廊坊市,2025-12-04,23,37.0,优,23.0
廊坊市,2025-12-05,1,39.0,优,27.0
廊坊市,2025-12-04,21,46.0,优,27.0
廊坊市,2025-12-05,7,42.0,优,26.0
廊坊市,2025-12-05,3,42.0,优,26.0
廊坊市,2025-12-05,5,46.0,优,28.0
衡水市,2025-12-04,19,66.0,良,31.0
衡水市,2025-12-05,0,51.0,良,26.0
衡水市,2025-12-04,22,57.0,良,28.0
衡水市,2025-12-05,2,54.0,良,35.0
衡水市,2025-12-05,6,47.0,优,28.0
衡水市,2025-12-05,8,50.0,优,32.0
衡水市,2025-12-04,20,63.0,良,34.0
衡水市,2025-12-05,4,52.0,良,32.0
衡水市,2025-12-04,23,56.0,良,31.0
衡水市,2025-12-05,1,52.0,良,28.0
衡水市,2025-12-04,21,62.0,良,34.0
衡水市,2025-12-05,7,48.0,优,32.0
衡水市,2025-12-05,3,54.0,良,35.0
衡水市,2025-12-05,5,50.0,优,29.0
北京,2025-12-04,11,19.0,优,3.0
北京,2025-12-04,15,19.0,优,4.0
北京,2025-12-04,22,34.0,优,16.0
北京,2025-12-04,12,19.0,优,4.0
北京,2025-12-04,18,18.0,优,8.0
北京,2025-12-04,16,18.0,优,4.0
北京,2025-12-04,13,19.0,优,4.0
北京,2025-12-05,0,34.0,优,16.0
北京,2025-12-04,20,28.0,优,14.0
北京,2025-12-05,4,32.0,优,15.0
北京,2025-12-05,1,32.0,优,15.0
北京,2025-12-04,17,16.0,优,6.0
北京,2025-12-05,8,31.0,优,14.0
北京,2025-12-05,6,31.0,优,14.0
北京,2025-12-04,23,37.0,优,18.0
北京,2025-12-04,14,19.0,优,4.0
北京,2025-12-05,5,31.0,优,14.0
北京,2025-12-05,2,32.0,优,14.0
北京,2025-12-04,21,29.0,优,14.0
北京,2025-12-05,9,35.0,优,15.0
北京,2025-12-05,7,31.0,优,15.0
北京,2025-12-05,3,32.0,优,15.0
北京,2025-12-04,19,25.0,优,12.0
天津,2025-12-04,11,26.0,优,9.0
天津,2025-12-04,15,19.0,优,4.0
天津,2025-12-04,22,42.0,优,20.0
天津,2025-12-04,12,20.0,优,7.0
天津,2025-12-04,18,23.0,优,10.0
天津,2025-12-04,16,18.0,优,4.0
天津,2025-12-04,13,18.0,优,4.0
天津,2025-12-05,0,53.0,良,29.0
天津,2025-12-04,20,34.0,优,16.0
天津,2025-12-05,4,54.0,良,33.0
天津,2025-12-05,1,55.0,良,31.0
天津,2025-12-04,17,16.0,优,6.0
天津,2025-12-05,8,49.0,优,26.0
天津,2025-12-05,6,45.0,优,25.0
天津,2025-12-04,23,51.0,良,28.0
天津,2025-12-04,14,19.0,优,4.0
天津,2025-12-05,5,50.0,优,29.0
天津,2025-12-05,2,56.0,良,34.0
天津,2025-12-04,21,35.0,优,16.0
天津,2025-12-05,9,49.0,优,27.0
天津,2025-12-05,7,49.0,优,28.0
天津,2025-12-05,3,56.0,良,35.0
天津,2025-12-04,19,28.0,优,12.0
邯郸,2025-12-04,11,62.0,良,44.0
邯郸,2025-12-04,19,64.0,良,46.0
邯郸,2025-12-04,15,50.0,优,34.0
邯郸,2025-12-04,22,82.0,良,60.0
邯郸,2025-12-04,12,60.0,良,43.0
邯郸,2025-12-04,18,59.0,良,42.0
邯郸,2025-12-04,16,52.0,良,36.0
邯郸,2025-12-04,13,62.0,良,44.0
邯郸,2025-12-05,0,83.0,良,61.0
邯郸,2025-12-04,20,72.0,良,52.0
邯郸,2025-12-05,4,79.0,良,58.0
邯郸,2025-12-05,1,84.0,良,62.0
邯郸,2025-12-04,17,56.0,良,37.0
邯郸,2025-12-05,8,92.0,良,68.0
邯郸,2025-12-05,6,84.0,良,62.0
邯郸,2025-12-04,23,87.0,良,64.0
邯郸,2025-12-04,14,59.0,良,40.0
邯郸,2025-12-05,5,84.0,良,62.0
邯郸,2025-12-05,2,83.0,良,61.0
邯郸,2025-12-04,21,77.0,良,56.0
邯郸,2025-12-05,9,79.0,良,58.0
邯郸,2025-12-05,7,88.0,良,65.0
邯郸,2025-12-05,3,82.0,良,60.0
衡水,2025-12-04,11,72.0,良,52.0
衡水,2025-12-04,19,66.0,良,31.0
衡水,2025-12-04,15,50.0,优,23.0
衡水,2025-12-04,22,57.0,良,28.0
衡水,2025-12-04,12,55.0,良,29.0
衡水,2025-12-04,18,60.0,良,28.0
衡水,2025-12-04,16,52.0,良,28.0
衡水,2025-12-05,0,51.0,良,26.0
衡水,2025-12-04,20,63.0,良,34.0
衡水,2025-12-05,4,52.0,良,32.0
衡水,2025-12-04,13,53.0,良,31.0
衡水,2025-12-05,1,52.0,良,28.0
衡水,2025-12-04,17,55.0,良,27.0
衡水,2025-12-05,8,50.0,优,32.0
衡水,2025-12-05,6,47.0,优,28.0
衡水,2025-12-04,23,56.0,良,31.0
衡水,2025-12-04,14,48.0,优,24.0
衡水,2025-12-05,5,50.0,优,29.0
衡水,2025-12-05,2,54.0,良,35.0
衡水,2025-12-04,21,62.0,良,34.0
衡水,2025-12-05,9,55.0,良,28.0
衡水,2025-12-05,7,48.0,优,32.0
衡水,2025-12-05,3,54.0,良,35.0
石家庄,2025-12-04,11,57.0,良,24.0
石家庄,2025-12-04,15,48.0,优,23.0
石家庄,2025-12-04,22,63.0,良,38.0
石家庄,2025-12-04,12,52.0,良,22.0
石家庄,2025-12-04,18,57.0,良,30.0
石家庄,2025-12-04,16,54.0,良,25.0
石家庄,2025-12-04,13,49.0,优,22.0
石家庄,2025-12-05,0,61.0,良,39.0
石家庄,2025-12-04,20,59.0,良,35.0
石家庄,2025-12-05,4,66.0,良,46.0
石家庄,2025-12-05,1,64.0,良,43.0
石家庄,2025-12-04,17,53.0,良,30.0
石家庄,2025-12-05,8,73.0,良,49.0
石家庄,2025-12-05,6,67.0,良,48.0
石家庄,2025-12-04,23,60.0,良,38.0
石家庄,2025-12-04,14,47.0,优,22.0
石家庄,2025-12-05,5,67.0,良,44.0
石家庄,2025-12-05,2,65.0,良,44.0
石家庄,2025-12-04,21,61.0,良,39.0
石家庄,2025-12-05,9,78.0,良,50.0
石家庄,2025-12-05,7,69.0,良,48.0
石家庄,2025-12-05,3,67.0,良,46.0
石家庄,2025-12-04,19,57.0,良,31.0
邢台,2025-12-04,11,59.0,良,36.0
邢台,2025-12-04,19,64.0,良,42.0
邢台,2025-12-04,15,54.0,良,36.0
邢台,2025-12-04,22,72.0,良,49.0
邢台,2025-12-04,12,62.0,良,31.0
邢台,2025-12-04,18,57.0,良,36.0
邢台,2025-12-04,16,53.0,良,34.0
邢台,2025-12-04,13,82.0,良,60.0
邢台,2025-12-05,0,72.0,良,52.0
邢台,2025-12-04,20,65.0,良,44.0
邢台,2025-12-05,4,70.0,良,45.0
邢台,2025-12-05,1,68.0,良,46.0
邢台,2025-12-04,17,54.0,良,30.0
邢台,2025-12-05,8,75.0,良,55.0
邢台,2025-12-05,6,72.0,良,50.0
邢台,2025-12-04,23,69.0,良,49.0
邢台,2025-12-04,14,74.0,良,54.0
邢台,2025-12-05,5,71.0,良,50.0
邢台,2025-12-05,2,74.0,良,50.0
邢台,2025-12-04,21,70.0,良,44.0
邢台,2025-12-05,9,74.0,良,53.0
邢台,2025-12-05,7,75.0,良,55.0
邢台,2025-12-05,3,71.0,良,45.0
唐山,2025-12-04,11,31.0,优,15.0
唐山,2025-12-04,15,20.0,优,3.0
唐山,2025-12-04,22,35.0,优,23.0
唐山,2025-12-04,12,19.0,优,7.0
唐山,2025-12-04,18,24.0,优,9.0
唐山,2025-12-04,16,19.0,优,6.0
唐山,2025-12-04,13,20.0,优,3.0
唐山,2025-12-05,0,33.0,优,20.0
唐山,2025-12-04,20,31.0,优,15.0
唐山,2025-12-05,4,43.0,优,23.0
唐山,2025-12-05,1,37.0,优,23.0
唐山,2025-12-04,17,17.0,优,5.0
唐山,2025-12-05,8,54.0,良,30.0
唐山,2025-12-05,6,50.0,优,22.0
唐山,2025-12-04,23,33.0,优,20.0
唐山,2025-12-04,14,20.0,优,4.0
唐山,2025-12-05,5,49.0,优,25.0
唐山,2025-12-05,2,43.0,优,24.0
唐山,2025-12-04,21,35.0,优,19.0
唐山,2025-12-05,9,59.0,良,34.0
唐山,2025-12-05,7,48.0,优,23.0
唐山,2025-12-05,3,38.0,优,24.0
唐山,2025-12-04,19,29.0,优,15.0
秦皇岛,2025-12-04,11,27.0,优,11.0
秦皇岛,2025-12-04,15,20.0,优,7.0
秦皇岛,2025-12-04,22,46.0,优,27.0
秦皇岛,2025-12-04,12,21.0,优,9.0
秦皇岛,2025-12-04,18,25.0,优,17.0
秦皇岛,2025-12-04,16,19.0,优,9.0
秦皇岛,2025-12-04,13,20.0,优,7.0
秦皇岛,2025-12-05,0,38.0,优,23.0
秦皇岛,2025-12-04,20,36.0,优,22.0
秦皇岛,2025-12-05,4,31.0,优,18.0
秦皇岛,2025-12-05,1,35.0,优,23.0
秦皇岛,2025-12-04,17,21.0,优,14.0
秦皇岛,2025-12-05,8,29.0,优,15.0
秦皇岛,2025-12-05,6,29.0,优,15.0
秦皇岛,2025-12-04,23,41.0,优,24.0
秦皇岛,2025-12-04,14,20.0,优,8.0
秦皇岛,2025-12-05,5,29.0,优,17.0
秦皇岛,2025-12-05,2,38.0,优,26.0
秦皇岛,2025-12-04,21,40.0,优,23.0
秦皇岛,2025-12-05,9,33.0,优,15.0
秦皇岛,2025-12-05,7,31.0,优,15.0
秦皇岛,2025-12-05,3,32.0,优,21.0
秦皇岛,2025-12-04,19,33.0,优,19.0
保定,2025-12-04,11,66.0,良,41.0
保定,2025-12-04,19,54.0,良,26.0
保定,2025-12-04,15,39.0,优,14.0
保定,2025-12-04,22,59.0,良,34.0
保定,2025-12-04,12,61.0,良,33.0
保定,2025-12-04,18,57.0,良,24.0
保定,2025-12-04,16,40.0,优,21.0
保定,2025-12-04,13,51.0,良,23.0
保定,2025-12-05,0,60.0,良,35.0
保定,2025-12-04,20,54.0,良,29.0
保定,2025-12-05,4,60.0,良,39.0
保定,2025-12-05,1,61.0,良,34.0
保定,2025-12-04,17,47.0,优,18.0
保定,2025-12-05,8,77.0,良,56.0
保定,2025-12-05,6,69.0,良,50.0
保定,2025-12-04,23,59.0,良,32.0
保定,2025-12-04,14,46.0,优,19.0
保定,2025-12-05,5,63.0,良,43.0
保定,2025-12-05,2,57.0,良,36.0
保定,2025-12-04,21,57.0,良,30.0
保定,2025-12-05,9,77.0,良,56.0
保定,2025-12-05,7,75.0,良,55.0
保定,2025-12-05,3,58.0,良,37.0
承德,2025-12-04,11,20.0,优,9.0
承德,2025-12-04,19,18.0,优,10.0
承德,2025-12-04,15,21.0,优,5.0
承德,2025-12-04,22,32.0,优,22.0
承德,2025-12-04,12,20.0,优,7.0
承德,2025-12-04,18,19.0,优,8.0
承德,2025-12-04,16,20.0,优,6.0
承德,2025-12-04,13,20.0,优,8.0
承德,2025-12-05,0,32.0,优,20.0
承德,2025-12-04,20,27.0,优,10.0
承德,2025-12-05,4,25.0,优,12.0
承德,2025-12-05,1,26.0,优,12.0
承德,2025-12-04,17,24.0,优,8.0
承德,2025-12-05,8,36.0,优,16.0
承德,2025-12-05,6,32.0,优,15.0
承德,2025-12-04,23,27.0,优,18.0
承德,2025-12-04,14,25.0,优,8.0
承德,2025-12-05,5,27.0,优,12.0
承德,2025-12-05,2,29.0,优,16.0
承德,2025-12-04,21,26.0,优,13.0
承德,2025-12-05,9,32.0,优,13.0
承德,2025-12-05,7,29.0,优,19.0
承德,2025-12-05,3,27.0,优,16.0
沧州,2025-12-04,11,63.0,良,38.0
沧州,2025-12-04,19,42.0,优,23.0
沧州,2025-12-04,15,37.0,优,14.0
沧州,2025-12-04,22,46.0,优,26.0
沧州,2025-12-04,12,69.0,良,19.0
沧州,2025-12-04,18,36.0,优,15.0
沧州,2025-12-04,16,31.0,优,11.0
沧州,2025-12-05,0,41.0,优,25.0
沧州,2025-12-04,20,51.0,良,28.0
沧州,2025-12-05,4,37.0,优,23.0
沧州,2025-12-04,13,64.0,良,15.0
沧州,2025-12-05,1,35.0,优,20.0
沧州,2025-12-04,17,31.0,优,12.0
沧州,2025-12-05,8,46.0,优,28.0
沧州,2025-12-05,6,41.0,优,24.0
沧州,2025-12-04,23,42.0,优,26.0
沧州,2025-12-04,14,50.0,优,12.0
沧州,2025-12-05,5,38.0,优,26.0
沧州,2025-12-05,2,33.0,优,16.0
沧州,2025-12-04,21,48.0,优,27.0
沧州,2025-12-05,9,43.0,优,25.0
沧州,2025-12-05,7,46.0,优,28.0
沧州,2025-12-05,3,35.0,优,24.0
廊坊,2025-12-04,11,21.0,优,12.0
廊坊,2025-12-04,19,29.0,优,20.0
廊坊,2025-12-04,15,20.0,优,6.0
廊坊,2025-12-04,22,40.0,优,23.0
廊坊,2025-12-04,12,28.0,优,19.0
廊坊,2025-12-04,18,20.0,优,8.0
廊坊,2025-12-04,16,19.0,优,8.0
廊坊,2025-12-05,0,35.0,优,24.0
廊坊,2025-12-04,20,40.0,优,25.0
廊坊,2025-12-05,4,46.0,优,27.0
廊坊,2025-12-04,13,19.0,优,6.0
廊坊,2025-12-05,1,39.0,优,27.0
廊坊,2025-12-04,17,17.0,优,5.0
廊坊,2025-12-05,8,46.0,优,24.0
廊坊,2025-12-05,6,44.0,优,24.0
廊坊,2025-12-04,23,37.0,优,23.0
廊坊,2025-12-04,14,20.0,优,5.0
廊坊,2025-12-05,5,46.0,优,28.0
廊坊,2025-12-05,2,38.0,优,24.0
廊坊,2025-12-04,21,46.0,优,27.0
廊坊,2025-12-05,9,53.0,良,31.0
廊坊,2025-12-05,7,42.0,优,26.0
廊坊,2025-12-05,3,42.0,优,26.0
北京,2025-12-05,10,39.0,优,17.0
天津,2025-12-05,10,46.0,优,25.0
邯郸,2025-12-05,10,87.0,良,64.0
衡水,2025-12-05,10,58.0,良,31.0
石家庄,2025-12-05,10,75.0,良,48.0
邢台,2025-12-05,10,84.0,良,62.0
唐山,2025-12-05,10,51.0,良,27.0
秦皇岛,2025-12-05,10,54.0,良,17.0
保定,2025-12-05,10,80.0,良,59.0
承德,2025-12-05,10,29.0,优,12.0
沧州,2025-12-05,10,38.0,优,26.0
廊坊,2025-12-05,10,52.0,良,32.0
北京,2025-12-05,11,49.0,优,21.0
天津,2025-12-05,11,40.0,优,21.0
邯郸,2025-12-05,11,88.0,良,65.0
衡水,2025-12-05,11,58.0,良,32.0
石家庄,2025-12-05,11,69.0,良,45.0
邢台,2025-12-05,11,77.0,良,56.0
唐山,2025-12-05,11,46.0,优,19.0
秦皇岛,2025-12-05,11,51.0,良,17.0
保定,2025-12-05,11,74.0,良,54.0
承德,2025-12-05,11,33.0,优,9.0
沧州,2025-12-05,11,37.0,优,15.0
廊坊,2025-12-05,11,53.0,良,33.0
北京,2025-12-05,14,61.0,良,36.0
北京,2025-12-05,12,60.0,良,32.0
北京,2025-12-05,17,64.0,良,44.0
北京,2025-12-05,15,61.0,良,38.0
北京,2025-12-05,13,62.0,良,36.0
北京,2025-12-05,18,69.0,良,49.0
北京,2025-12-05,16,60.0,良,39.0
天津,2025-12-05,14,46.0,优,23.0
天津,2025-12-05,12,33.0,优,16.0
天津,2025-12-05,17,67.0,良,43.0
天津,2025-12-05,13,34.0,优,17.0
天津,2025-12-05,15,57.0,良,33.0
天津,2025-12-05,18,75.0,良,50.0
天津,2025-12-05,16,61.0,良,37.0
邯郸,2025-12-05,14,82.0,良,60.0
邯郸,2025-12-05,12,79.0,良,58.0
邯郸,2025-12-05,17,88.0,良,65.0
邯郸,2025-12-05,13,75.0,良,55.0
邯郸,2025-12-05,15,92.0,良,68.0
邯郸,2025-12-05,18,93.0,良,69.0
邯郸,2025-12-05,16,94.0,良,70.0
衡水,2025-12-05,14,90.0,良,61.0
衡水,2025-12-05,12,72.0,良,42.0
衡水,2025-12-05,17,117.0,轻度污染,88.0
衡水,2025-12-05,13,84.0,良,53.0
衡水,2025-12-05,15,96.0,良,68.0
衡水,2025-12-05,18,108.0,轻度污染,81.0
衡水,2025-12-05,16,107.0,轻度污染,80.0
石家庄,2025-12-05,14,73.0,良,49.0
石家庄,2025-12-05,12,70.0,良,46.0
石家庄,2025-12-05,17,79.0,良,57.0
石家庄,2025-12-05,13,74.0,良,49.0
石家庄,2025-12-05,15,70.0,良,49.0
石家庄,2025-12-05,18,82.0,良,57.0
石家庄,2025-12-05,16,74.0,良,50.0
邢台,2025-12-05,14,70.0,良,51.0
邢台,2025-12-05,12,69.0,良,50.0
邢台,2025-12-05,17,90.0,良,67.0
邢台,2025-12-05,13,77.0,良,56.0
邢台,2025-12-05,15,73.0,良,53.0
邢台,2025-12-05,18,97.0,良,72.0
邢台,2025-12-05,16,74.0,良,54.0
唐山,2025-12-05,14,19.0,优,6.0
唐山,2025-12-05,12,41.0,优,12.0
唐山,2025-12-05,17,32.0,优,12.0
唐山,2025-12-05,13,29.0,优,10.0
唐山,2025-12-05,15,18.0,优,4.0
唐山,2025-12-05,18,49.0,优,25.0
唐山,2025-12-05,16,23.0,优,7.0
秦皇岛,2025-12-05,14,59.0,良,17.0
秦皇岛,2025-12-05,12,57.0,良,19.0
秦皇岛,2025-12-05,17,30.0,优,17.0
秦皇岛,2025-12-05,13,57.0,良,19.0
秦皇岛,2025-12-05,15,54.0,良,18.0
秦皇岛,2025-12-05,18,33.0,优,19.0
秦皇岛,2025-12-05,16,47.0,优,17.0
保定,2025-12-05,14,73.0,良,53.0
保定,2025-12-05,12,86.0,良,54.0
保定,2025-12-05,17,103.0,轻度污染,77.0
保定,2025-12-05,13,77.0,良,56.0
保定,2025-12-05,15,77.0,良,56.0
保定,2025-12-05,18,102.0,轻度污染,76.0
保定,2025-12-05,16,80.0,良,59.0
承德,2025-12-05,14,24.0,优,9.0
承德,2025-12-05,12,26.0,优,7.0
承德,2025-12-05,17,56.0,良,36.0
承德,2025-12-05,13,13.0,优,4.0
承德,2025-12-05,15,31.0,优,14.0
承德,2025-12-05,18,64.0,良,43.0
承德,2025-12-05,16,39.0,优,24.0
沧州,2025-12-05,14,68.0,良,34.0
沧州,2025-12-05,12,44.0,优,17.0
沧州,2025-12-05,17,85.0,良,63.0
沧州,2025-12-05,13,52.0,良,22.0
沧州,2025-12-05,15,73.0,良,43.0
沧州,2025-12-05,18,104.0,轻度污染,78.0
沧州,2025-12-05,16,77.0,良,48.0
廊坊,2025-12-05,14,54.0,良,37.0
廊坊,2025-12-05,12,51.0,良,25.0
廊坊,2025-12-05,17,68.0,良,46.0
廊坊,2025-12-05,13,46.0,优,28.0
廊坊,2025-12-05,15,55.0,良,36.0
廊坊,2025-12-05,18,73.0,良,50.0
廊坊,2025-12-05,16,60.0,良,42.0
北京,2025-12-05,19,75.0,良,55.0
北京,2025-12-05,20,77.0,良,56.0
天津,2025-12-05,19,82.0,良,58.0
天津,2025-12-05,20,88.0,良,65.0
邯郸,2025-12-05,19,103.0,轻度污染,77.0
邯郸,2025-12-05,20,112.0,轻度污染,84.0
衡水,2025-12-05,19,105.0,轻度污染,79.0
衡水,2025-12-05,20,119.0,轻度污染,90.0
石家庄,2025-12-05,19,87.0,良,64.0
石家庄,2025-12-05,20,93.0,良,68.0
邢台,2025-12-05,19,90.0,良,67.0
邢台,2025-12-05,20,92.0,良,68.0
唐山,2025-12-05,19,53.0,良,28.0
唐山,2025-12-05,20,56.0,良,32.0
秦皇岛,2025-12-05,19,37.0,优,22.0
秦皇岛,2025-12-05,20,44.0,优,25.0
保定,2025-12-05,19,103.0,轻度污染,77.0
保定,2025-12-05,20,108.0,轻度污染,81.0
承德,2025-12-05,19,59.0,良,39.0
承德,2025-12-05,20,68.0,良,49.0
沧州,2025-12-05,19,124.0,轻度污染,94.0
沧州,2025-12-05,20,129.0,轻度污染,98.0
廊坊,2025-12-05,19,76.0,良,53.0
廊坊,2025-12-05,20,85.0,良,63.0
北京,2025-12-05,21,77.0,良,56.0
天津,2025-12-05,21,103.0,轻度污染,77.0
邯郸,2025-12-05,21,117.0,轻度污染,88.0
衡水,2025-12-05,21,124.0,轻度污染,94.0
石家庄,2025-12-05,21,94.0,良,70.0
邢台,2025-12-05,21,92.0,良,68.0
唐山,2025-12-05,21,60.0,良,38.0
秦皇岛,2025-12-05,21,51.0,良,27.0
保定,2025-12-05,21,133.0,轻度污染,101.0
承德,2025-12-05,21,67.0,良,48.0
沧州,2025-12-05,21,129.0,轻度污染,98.0
廊坊,2025-12-05,21,102.0,轻度污染,76.0
北京,2025-12-06,0,70.0,良,51.0
北京,2025-12-05,22,74.0,良,54.0
北京,2025-12-05,23,72.0,良,52.0
天津,2025-12-06,0,128.0,轻度污染,97.0
天津,2025-12-05,22,119.0,轻度污染,90.0
天津,2025-12-05,23,127.0,轻度污染,96.0
邯郸,2025-12-06,0,107.0,轻度污染,80.0
邯郸,2025-12-05,22,117.0,轻度污染,88.0
邯郸,2025-12-05,23,118.0,轻度污染,89.0
衡水,2025-12-06,0,130.0,轻度污染,99.0
衡水,2025-12-05,22,127.0,轻度污染,96.0
衡水,2025-12-05,23,132.0,轻度污染,100.0
石家庄,2025-12-06,0,89.0,良,66.0
石家庄,2025-12-05,22,90.0,良,67.0
石家庄,2025-12-05,23,92.0,良,68.0
邢台,2025-12-06,0,107.0,轻度污染,80.0
邢台,2025-12-05,22,97.0,良,72.0
邢台,2025-12-05,23,102.0,轻度污染,76.0
唐山,2025-12-06,0,94.0,良,70.0
唐山,2025-12-05,22,67.0,良,47.0
唐山,2025-12-05,23,78.0,良,57.0
秦皇岛,2025-12-06,0,68.0,良,39.0
秦皇岛,2025-12-05,22,54.0,良,29.0
秦皇岛,2025-12-05,23,61.0,良,33.0
保定,2025-12-06,0,118.0,轻度污染,89.0
保定,2025-12-05,22,109.0,轻度污染,82.0
保定,2025-12-05,23,114.0,轻度污染,86.0
承德,2025-12-06,0,69.0,良,50.0
承德,2025-12-05,22,72.0,良,52.0
承德,2025-12-05,23,74.0,良,54.0
沧州,2025-12-06,0,128.0,轻度污染,97.0
沧州,2025-12-05,22,129.0,轻度污染,98.0
沧州,2025-12-05,23,132.0,轻度污染,100.0
廊坊,2025-12-06,0,134.0,轻度污染,102.0
廊坊,2025-12-05,22,112.0,轻度污染,84.0
廊坊,2025-12-05,23,119.0,轻度污染,90.0
承德,2025-12-06,1,69.0,良,50.0
沧州,2025-12-06,1,124.0,轻度污染,94.0
廊坊,2025-12-06,1,150.0,轻度污染,115.0
北京,2025-12-06,1,69.0,良,50.0
天津,2025-12-06,1,130.0,轻度污染,99.0
邯郸,2025-12-06,1,110.0,轻度污染,83.0
衡水,2025-12-06,1,132.0,轻度污染,100.0
石家庄,2025-12-06,1,87.0,良,64.0
邢台,2025-12-06,1,99.0,良,74.0
唐山,2025-12-06,1,105.0,轻度污染,79.0
秦皇岛,2025-12-06,1,73.0,良,43.0
保定,2025-12-06,1,115.0,轻度污染,87.0
北京,2025-12-10,19,94.0,良,70.0
北京,2025-12-10,20,98.0,良,73.0
北京,2025-12-11,0,82.0,良,60.0
北京,2025-12-11,2,67.0,良,48.0
北京,2025-12-10,21,94.0,良,70.0
北京,2025-12-11,11,63.0,良,45.0
北京,2025-12-11,8,44.0,优,27.0
北京,2025-12-11,3,57.0,良,40.0
北京,2025-12-11,4,52.0,良,35.0
北京,2025-12-10,22,92.0,良,68.0
北京,2025-12-11,9,57.0,良,40.0
北京,2025-12-11,12,59.0,良,40.0
北京,2025-12-11,16,48.0,优,28.0
北京,2025-12-11,13,57.0,良,38.0
北京,2025-12-11,14,54.0,良,35.0
北京,2025-12-11,1,77.0,良,56.0
北京,2025-12-11,7,40.0,优,25.0
北京,2025-12-10,23,87.0,良,64.0
北京,2025-12-11,5,45.0,优,29.0
北京,2025-12-11,10,70.0,良,51.0
北京,2025-12-11,17,45.0,优,25.0
北京,2025-12-11,15,51.0,良,31.0
北京,2025-12-11,6,34.0,优,21.0
天津,2025-12-10,19,163.0,中度污染,124.0
天津,2025-12-10,20,168.0,中度污染,127.0
天津,2025-12-11,0,169.0,中度污染,128.0
天津,2025-12-11,2,138.0,轻度污染,105.0
天津,2025-12-10,21,172.0,中度污染,130.0
天津,2025-12-11,11,31.0,优,15.0
天津,2025-12-11,8,54.0,良,34.0
天津,2025-12-11,3,118.0,轻度污染,89.0
天津,2025-12-11,4,100.0,良,75.0
天津,2025-12-10,22,176.0,中度污染,133.0
天津,2025-12-11,9,47.0,优,26.0
天津,2025-12-11,12,31.0,优,15.0
天津,2025-12-11,16,39.0,优,18.0
天津,2025-12-11,13,34.0,优,18.0
天津,2025-12-11,14,38.0,优,19.0
天津,2025-12-11,1,155.0,中度污染,118.0
天津,2025-12-11,7,59.0,良,40.0
天津,2025-12-10,23,173.0,中度污染,131.0
天津,2025-12-11,5,82.0,良,60.0
天津,2025-12-11,10,37.0,优,20.0
天津,2025-12-11,17,40.0,优,18.0
天津,2025-12-11,15,39.0,优,18.0
天津,2025-12-11,6,65.0,良,47.0
邯郸,2025-12-10,19,238.0,重度污染,188.0
邯郸,2025-12-10,20,245.0,重度污染,195.0
邯郸,2025-12-11,2,160.0,中度污染,122.0
邯郸,2025-12-10,21,241.0,重度污染,191.0
邯郸,2025-12-11,11,188.0,中度污染,141.0
邯郸,2025-12-11,8,152.0,中度污染,116.0
邯郸,2025-12-11,0,201.0,重度污染,151.0
邯郸,2025-12-11,3,150.0,轻度污染,115.0
邯郸,2025-12-11,4,149.0,轻度污染,114.0
邯郸,2025-12-10,22,229.0,重度污染,179.0
邯郸,2025-12-11,9,165.0,中度污染,125.0
邯郸,2025-12-11,12,186.0,中度污染,140.0
邯郸,2025-12-11,16,144.0,轻度污染,110.0
邯郸,2025-12-11,13,169.0,中度污染,128.0
邯郸,2025-12-11,14,153.0,中度污染,117.0
邯郸,2025-12-11,1,182.0,中度污染,137.0
邯郸,2025-12-11,7,134.0,轻度污染,102.0
邯郸,2025-12-10,23,206.0,重度污染,156.0
邯郸,2025-12-11,5,132.0,轻度污染,100.0
邯郸,2025-12-11,10,180.0,中度污染,136.0
邯郸,2025-12-11,17,125.0,轻度污染,95.0
邯郸,2025-12-11,15,147.0,轻度污染,112.0
邯郸,2025-12-11,6,130.0,轻度污染,99.0
衡水,2025-12-10,19,212.0,重度污染,162.0
衡水,2025-12-10,20,200.0,中度污染,150.0
衡水,2025-12-11,2,175.0,中度污染,132.0
衡水,2025-12-10,21,203.0,重度污染,153.0
衡水,2025-12-11,11,78.0,良,57.0
衡水,2025-12-11,8,163.0,中度污染,124.0
衡水,2025-12-11,0,183.0,中度污染,138.0
衡水,2025-12-11,3,175.0,中度污染,132.0
衡水,2025-12-10,22,203.0,重度污染,153.0
衡水,2025-12-11,12,79.0,良,58.0
衡水,2025-12-11,9,134.0,轻度污染,102.0
衡水,2025-12-11,13,72.0,良,52.0
衡水,2025-12-11,14,61.0,良,39.0
衡水,2025-12-11,16,55.0,良,29.0
衡水,2025-12-11,1,183.0,中度污染,138.0
衡水,2025-12-11,7,178.0,中度污染,134.0
衡水,2025-12-10,23,195.0,中度污染,146.0
衡水,2025-12-11,5,173.0,中度污染,131.0
衡水,2025-12-11,10,103.0,轻度污染,77.0
衡水,2025-12-11,17,54.0,良,31.0
衡水,2025-12-11,15,55.0,良,34.0
衡水,2025-12-11,6,178.0,中度污染,134.0
衡水,2025-12-11,4,169.0,中度污染,128.0
石家庄,2025-12-10,19,123.0,轻度污染,93.0
石家庄,2025-12-10,20,122.0,轻度污染,92.0
石家庄,2025-12-11,0,124.0,轻度污染,94.0
石家庄,2025-12-11,2,124.0,轻度污染,94.0
石家庄,2025-12-10,21,124.0,轻度污染,94.0
石家庄,2025-12-11,11,137.0,轻度污染,104.0
石家庄,2025-12-11,8,130.0,轻度污染,99.0
石家庄,2025-12-11,3,125.0,轻度污染,95.0
石家庄,2025-12-11,4,128.0,轻度污染,97.0
石家庄,2025-12-10,22,120.0,轻度污染,91.0
石家庄,2025-12-11,9,133.0,轻度污染,101.0
石家庄,2025-12-11,12,138.0,轻度污染,105.0
石家庄,2025-12-11,16,99.0,良,74.0
石家庄,2025-12-11,13,127.0,轻度污染,96.0
石家庄,2025-12-11,14,123.0,轻度污染,93.0
石家庄,2025-12-11,1,120.0,轻度污染,91.0
石家庄,2025-12-11,7,133.0,轻度污染,101.0
石家庄,2025-12-10,23,124.0,轻度污染,94.0
石家庄,2025-12-11,5,125.0,轻度污染,95.0
石家庄,2025-12-11,10,134.0,轻度污染,102.0
石家庄,2025-12-11,17,87.0,良,64.0
石家庄,2025-12-11,15,109.0,轻度污染,82.0
石家庄,2025-12-11,6,124.0,轻度污染,94.0
邢台,2025-12-10,19,208.0,重度污染,158.0
邢台,2025-12-10,20,209.0,重度污染,159.0
邢台,2025-12-11,2,130.0,轻度污染,99.0
邢台,2025-12-10,21,189.0,中度污染,142.0
邢台,2025-12-11,11,166.0,中度污染,126.0
邢台,2025-12-11,8,149.0,轻度污染,114.0
邢台,2025-12-11,0,140.0,轻度污染,107.0
邢台,2025-12-11,3,128.0,轻度污染,97.0
邢台,2025-12-11,4,130.0,轻度污染,99.0
邢台,2025-12-10,22,175.0,中度污染,132.0
邢台,2025-12-11,9,153.0,中度污染,117.0
邢台,2025-12-11,12,178.0,中度污染,134.0
邢台,2025-12-11,16,124.0,轻度污染,94.0
邢台,2025-12-11,13,173.0,中度污染,131.0
邢台,2025-12-11,14,162.0,中度污染,123.0
邢台,2025-12-11,1,135.0,轻度污染,103.0
邢台,2025-12-11,7,132.0,轻度污染,100.0
邢台,2025-12-10,23,159.0,中度污染,121.0
邢台,2025-12-11,5,142.0,轻度污染,108.0
邢台,2025-12-11,10,169.0,中度污染,128.0
邢台,2025-12-11,17,103.0,轻度污染,77.0
邢台,2025-12-11,15,137.0,轻度污染,104.0
邢台,2025-12-11,6,127.0,轻度污染,96.0
唐山,2025-12-10,19,143.0,轻度污染,109.0
唐山,2025-12-10,20,142.0,轻度污染,108.0
唐山,2025-12-11,0,122.0,轻度污染,92.0
唐山,2025-12-11,2,109.0,轻度污染,82.0
唐山,2025-12-10,21,130.0,轻度污染,99.0
唐山,2025-12-11,11,48.0,优,16.0
唐山,2025-12-11,8,42.0,优,15.0
唐山,2025-12-11,3,90.0,良,67.0
唐山,2025-12-11,4,87.0,良,64.0
唐山,2025-12-10,22,130.0,轻度污染,99.0
唐山,2025-12-11,9,40.0,优,14.0
唐山,2025-12-11,12,43.0,优,19.0
唐山,2025-12-11,16,29.0,优,15.0
唐山,2025-12-11,13,35.0,优,18.0
唐山,2025-12-11,14,28.0,优,16.0
唐山,2025-12-11,1,117.0,轻度污染,88.0
唐山,2025-12-11,7,44.0,优,20.0
唐山,2025-12-10,23,128.0,轻度污染,97.0
唐山,2025-12-11,5,61.0,良,38.0
唐山,2025-12-11,10,40.0,优,14.0
唐山,2025-12-11,17,35.0,优,14.0
唐山,2025-12-11,15,27.0,优,12.0
唐山,2025-12-11,6,51.0,良,23.0
秦皇岛,2025-12-10,19,139.0,轻度污染,106.0
秦皇岛,2025-12-10,20,115.0,轻度污染,87.0
秦皇岛,2025-12-11,0,63.0,良,43.0
秦皇岛,2025-12-11,2,57.0,良,34.0
秦皇岛,2025-12-10,21,89.0,良,66.0
秦皇岛,2025-12-11,11,25.0,优,13.0
秦皇岛,2025-12-11,8,29.0,优,18.0
秦皇岛,2025-12-11,3,49.0,优,31.0
秦皇岛,2025-12-11,4,39.0,优,27.0
秦皇岛,2025-12-10,22,75.0,良,55.0
秦皇岛,2025-12-11,9,33.0,优,17.0
秦皇岛,2025-12-11,12,22.0,优,11.0
秦皇岛,2025-12-11,16,37.0,优,15.0
秦皇岛,2025-12-11,13,24.0,优,11.0
秦皇岛,2025-12-11,14,25.0,优,13.0
秦皇岛,2025-12-11,1,55.0,良,39.0
秦皇岛,2025-12-11,7,28.0,优,19.0
秦皇岛,2025-12-10,23,68.0,良,49.0
秦皇岛,2025-12-11,5,35.0,优,24.0
秦皇岛,2025-12-11,10,39.0,优,17.0
秦皇岛,2025-12-11,17,43.0,优,17.0
秦皇岛,2025-12-11,15,33.0,优,16.0
秦皇岛,2025-12-11,6,28.0,优,19.0
保定,2025-12-10,19,156.0,中度污染,119.0
保定,2025-12-10,20,160.0,中度污染,122.0
保定,2025-12-11,2,145.0,轻度污染,111.0
保定,2025-12-10,21,160.0,中度污染,122.0
保定,2025-12-11,11,102.0,轻度污染,76.0
保定,2025-12-11,8,144.0,轻度污染,110.0
保定,2025-12-11,0,152.0,中度污染,116.0
保定,2025-12-11,3,143.0,轻度污染,109.0
保定,2025-12-11,4,137.0,轻度污染,104.0
保定,2025-12-10,22,156.0,中度污染,119.0
保定,2025-12-11,9,152.0,中度污染,116.0
保定,2025-12-11,12,87.0,良,64.0
保定,2025-12-11,16,63.0,良,35.0
保定,2025-12-11,13,75.0,良,55.0
保定,2025-12-11,14,65.0,良,45.0
保定,2025-12-11,1,149.0,轻度污染,114.0
保定,2025-12-11,7,140.0,轻度污染,107.0
保定,2025-12-10,23,153.0,中度污染,117.0
保定,2025-12-11,5,134.0,轻度污染,102.0
保定,2025-12-11,10,139.0,轻度污染,106.0
保定,2025-12-11,17,58.0,良,33.0
保定,2025-12-11,15,60.0,良,36.0
保定,2025-12-11,6,133.0,轻度污染,101.0
承德,2025-12-10,19,83.0,良,61.0
承德,2025-12-10,20,88.0,良,65.0
承德,2025-12-11,2,87.0,良,64.0
承德,2025-12-10,21,89.0,良,66.0
承德,2025-12-11,11,32.0,优,16.0
承德,2025-12-11,8,62.0,良,42.0
承德,2025-12-11,0,88.0,良,65.0
承德,2025-12-11,3,84.0,良,62.0
承德,2025-12-11,4,84.0,良,62.0
承德,2025-12-10,22,80.0,良,59.0
承德,2025-12-11,9,57.0,良,34.0
承德,2025-12-11,12,20.0,优,10.0
承德,2025-12-11,13,24.0,优,10.0
承德,2025-12-11,14,20.0,优,11.0
承德,2025-12-11,16,21.0,优,6.0
承德,2025-12-11,1,87.0,良,64.0
承德,2025-12-11,7,61.0,良,39.0
承德,2025-12-10,23,84.0,良,62.0
承德,2025-12-11,5,79.0,良,58.0
承德,2025-12-11,10,56.0,良,34.0
承德,2025-12-11,17,21.0,优,14.0
承德,2025-12-11,15,21.0,优,8.0
承德,2025-12-11,6,74.0,良,54.0
沧州,2025-12-10,19,238.0,重度污染,188.0
沧州,2025-12-10,20,212.0,重度污染,162.0
沧州,2025-12-11,2,172.0,中度污染,130.0
沧州,2025-12-10,21,210.0,重度污染,160.0
沧州,2025-12-11,11,50.0,优,20.0
沧州,2025-12-11,8,69.0,良,50.0
沧州,2025-12-11,0,180.0,中度污染,136.0
沧州,2025-12-11,3,152.0,中度污染,116.0
沧州,2025-12-11,4,143.0,轻度污染,109.0
沧州,2025-12-10,22,195.0,中度污染,146.0
沧州,2025-12-11,9,55.0,良,36.0
沧州,2025-12-11,12,48.0,优,20.0
沧州,2025-12-11,13,46.0,优,18.0
沧州,2025-12-11,14,38.0,优,17.0
沧州,2025-12-11,16,38.0,优,20.0
沧州,2025-12-11,1,179.0,中度污染,135.0
沧州,2025-12-11,7,68.0,良,49.0
沧州,2025-12-10,23,183.0,中度污染,138.0
沧州,2025-12-11,5,117.0,轻度污染,88.0
沧州,2025-12-11,10,58.0,良,28.0
沧州,2025-12-11,17,36.0,优,18.0
沧州,2025-12-11,15,38.0,优,18.0
沧州,2025-12-11,6,87.0,良,64.0
廊坊,2025-12-10,19,144.0,轻度污染,110.0
廊坊,2025-12-10,20,120.0,轻度污染,91.0
廊坊,2025-12-11,2,104.0,轻度污染,78.0
廊坊,2025-12-10,21,108.0,轻度污染,81.0
廊坊,2025-12-11,11,49.0,优,19.0
廊坊,2025-12-11,8,76.0,良,55.0
廊坊,2025-12-11,0,99.0,良,74.0
廊坊,2025-12-11,3,115.0,轻度污染,87.0
廊坊,2025-12-10,22,104.0,轻度污染,78.0
廊坊,2025-12-11,9,62.0,良,30.0
廊坊,2025-12-11,12,42.0,优,23.0
廊坊,2025-12-11,13,42.0,优,26.0
廊坊,2025-12-11,14,43.0,优,30.0
廊坊,2025-12-11,16,50.0,优,29.0
廊坊,2025-12-11,1,102.0,轻度污染,76.0
廊坊,2025-12-11,7,89.0,良,66.0
廊坊,2025-12-10,23,102.0,轻度污染,76.0
廊坊,2025-12-11,5,128.0,轻度污染,97.0
廊坊,2025-12-11,10,55.0,良,23.0
廊坊,2025-12-11,17,50.0,优,28.0
廊坊,2025-12-11,15,47.0,优,31.0
廊坊,2025-12-11,6,109.0,轻度污染,82.0
廊坊,2025-12-11,4,129.0,轻度污染,98.0
北京,2026-01-17,16,33.0,优,13.0
北京,2026-01-17,19,40.0,优,17.0
北京,2026-01-17,20,41.0,优,18.0
北京,2026-01-18,5,36.0,优,19.0
北京,2026-01-17,23,44.0,优,21.0
北京,2026-01-18,4,36.0,优,19.0
北京,2026-01-18,1,40.0,优,19.0
北京,2026-01-18,14,45.0,优,29.0
北京,2026-01-18,11,42.0,优,26.0
北京,2026-01-17,18,38.0,优,15.0
北京,2026-01-18,2,38.0,优,19.0
北京,2026-01-18,3,37.0,优,19.0
北京,2026-01-17,22,45.0,优,20.0
北京,2026-01-17,17,35.0,优,14.0
北京,2026-01-18,13,43.0,优,28.0
北京,2026-01-18,6,37.0,优,20.0
北京,2026-01-18,8,36.0,优,21.0
北京,2026-01-17,21,43.0,优,19.0
北京,2026-01-18,10,40.0,优,24.0
北京,2026-01-18,0,41.0,优,19.0
北京,2026-01-18,7,36.0,优,20.0
北京,2026-01-18,12,42.0,优,26.0
北京,2026-01-18,9,38.0,优,22.0
天津,2026-01-17,16,28.0,优,10.0
天津,2026-01-17,19,34.0,优,12.0
天津,2026-01-17,20,34.0,优,12.0
天津,2026-01-18,5,47.0,优,23.0
天津,2026-01-17,23,33.0,优,14.0
天津,2026-01-18,4,46.0,优,21.0
天津,2026-01-18,1,34.0,优,13.0
天津,2026-01-18,14,52.0,良,25.0
天津,2026-01-18,11,50.0,优,24.0
天津,2026-01-17,18,31.0,优,11.0
天津,2026-01-18,2,36.0,优,15.0
天津,2026-01-18,3,41.0,优,17.0
天津,2026-01-17,22,34.0,优,13.0
天津,2026-01-17,17,30.0,优,10.0
天津,2026-01-18,13,51.0,良,24.0
天津,2026-01-18,6,47.0,优,24.0
天津,2026-01-18,8,46.0,优,23.0
天津,2026-01-17,21,36.0,优,13.0
天津,2026-01-18,10,47.0,优,22.0
天津,2026-01-18,0,31.0,优,13.0
天津,2026-01-18,7,47.0,优,24.0
天津,2026-01-18,12,50.0,优,24.0
天津,2026-01-18,9,46.0,优,22.0
邯郸,2026-01-17,16,72.0,良,52.0
邯郸,2026-01-17,19,78.0,良,57.0
邯郸,2026-01-17,20,80.0,良,59.0
邯郸,2026-01-18,4,63.0,良,45.0
邯郸,2026-01-18,5,63.0,良,45.0
邯郸,2026-01-18,1,64.0,良,46.0
邯郸,2026-01-17,23,77.0,良,56.0
邯郸,2026-01-18,14,65.0,良,47.0
邯郸,2026-01-18,0,70.0,良,51.0
邯郸,2026-01-18,11,58.0,良,41.0
邯郸,2026-01-17,18,78.0,良,57.0
邯郸,2026-01-18,2,67.0,良,48.0
邯郸,2026-01-18,3,67.0,良,48.0
邯郸,2026-01-17,22,80.0,良,59.0
邯郸,2026-01-17,17,72.0,良,52.0
邯郸,2026-01-18,13,65.0,良,47.0
邯郸,2026-01-18,6,57.0,良,40.0
邯郸,2026-01-18,8,53.0,良,37.0
邯郸,2026-01-17,21,77.0,良,56.0
邯郸,2026-01-18,10,54.0,良,38.0
邯郸,2026-01-18,7,57.0,良,40.0
邯郸,2026-01-18,12,59.0,良,42.0
邯郸,2026-01-18,9,49.0,优,34.0
衡水,2026-01-17,16,43.0,优,24.0
衡水,2026-01-17,19,49.0,优,29.0
衡水,2026-01-17,20,47.0,优,28.0
衡水,2026-01-18,5,35.0,优,21.0
衡水,2026-01-17,23,36.0,优,25.0
衡水,2026-01-18,0,35.0,优,23.0
衡水,2026-01-18,4,34.0,优,18.0
衡水,2026-01-18,14,64.0,良,46.0
衡水,2026-01-18,13,54.0,良,38.0
衡水,2026-01-18,1,31.0,优,18.0
衡水,2026-01-18,11,53.0,良,36.0
衡水,2026-01-17,18,46.0,优,28.0
衡水,2026-01-18,2,36.0,优,19.0
衡水,2026-01-18,3,34.0,优,16.0
衡水,2026-01-17,22,40.0,优,28.0
衡水,2026-01-17,17,42.0,优,28.0
衡水,2026-01-18,6,30.0,优,18.0
衡水,2026-01-18,8,43.0,优,30.0
衡水,2026-01-17,21,51.0,良,29.0
衡水,2026-01-18,10,54.0,良,30.0
衡水,2026-01-18,7,40.0,优,28.0
衡水,2026-01-18,12,52.0,良,34.0
衡水,2026-01-18,9,47.0,优,28.0
石家庄,2026-01-17,16,50.0,优,33.0
石家庄,2026-01-17,19,63.0,良,38.0
石家庄,2026-01-17,20,62.0,良,44.0
石家庄,2026-01-18,5,51.0,良,33.0
石家庄,2026-01-17,23,57.0,良,39.0
石家庄,2026-01-18,4,52.0,良,32.0
石家庄,2026-01-18,1,52.0,良,35.0
石家庄,2026-01-18,14,58.0,良,41.0
石家庄,2026-01-18,0,54.0,良,32.0
石家庄,2026-01-18,11,55.0,良,39.0
石家庄,2026-01-17,18,55.0,良,28.0
石家庄,2026-01-18,2,49.0,优,32.0
石家庄,2026-01-18,3,51.0,良,33.0
石家庄,2026-01-17,22,60.0,良,43.0
石家庄,2026-01-17,17,49.0,优,29.0
石家庄,2026-01-18,13,55.0,良,39.0
石家庄,2026-01-18,6,50.0,优,35.0
石家庄,2026-01-18,8,57.0,良,40.0
石家庄,2026-01-17,21,64.0,良,46.0
石家庄,2026-01-18,10,56.0,良,38.0
石家庄,2026-01-18,7,55.0,良,39.0
石家庄,2026-01-18,12,55.0,良,38.0
石家庄,2026-01-18,9,57.0,良,40.0
邢台,2026-01-17,16,58.0,良,41.0
邢台,2026-01-17,19,57.0,良,39.0
邢台,2026-01-17,20,58.0,良,41.0
邢台,2026-01-18,4,52.0,良,32.0
邢台,2026-01-18,5,52.0,良,36.0
邢台,2026-01-17,23,59.0,良,35.0
邢台,2026-01-18,14,55.0,良,39.0
邢台,2026-01-18,1,60.0,良,43.0
邢台,2026-01-18,0,61.0,良,37.0
邢台,2026-01-18,11,56.0,良,38.0
邢台,2026-01-17,18,58.0,良,38.0
邢台,2026-01-18,2,57.0,良,36.0
邢台,2026-01-18,3,56.0,良,33.0
邢台,2026-01-17,22,57.0,良,37.0
邢台,2026-01-18,13,60.0,良,43.0
邢台,2026-01-17,17,56.0,良,39.0
邢台,2026-01-18,6,51.0,良,31.0
邢台,2026-01-18,8,53.0,良,28.0
邢台,2026-01-17,21,57.0,良,38.0
邢台,2026-01-18,10,54.0,良,37.0
邢台,2026-01-18,7,48.0,优,27.0
邢台,2026-01-18,12,60.0,良,43.0
邢台,2026-01-18,9,54.0,良,32.0
唐山,2026-01-17,16,31.0,优,9.0
唐山,2026-01-17,19,27.0,优,15.0
唐山,2026-01-17,20,23.0,优,11.0
唐山,2026-01-18,5,34.0,优,19.0
唐山,2026-01-17,23,25.0,优,14.0
唐山,2026-01-18,4,39.0,优,21.0
唐山,2026-01-18,1,30.0,优,16.0
唐山,2026-01-18,14,38.0,优,23.0
唐山,2026-01-18,0,27.0,优,13.0
唐山,2026-01-18,11,35.0,优,18.0
唐山,2026-01-17,18,30.0,优,15.0
唐山,2026-01-18,2,34.0,优,20.0
唐山,2026-01-18,3,31.0,优,16.0
唐山,2026-01-17,22,22.0,优,11.0
唐山,2026-01-17,17,29.0,优,10.0
唐山,2026-01-18,13,42.0,优,20.0
唐山,2026-01-18,6,33.0,优,20.0
唐山,2026-01-18,8,39.0,优,23.0
唐山,2026-01-17,21,23.0,优,10.0
唐山,2026-01-18,10,40.0,优,26.0
唐山,2026-01-18,7,34.0,优,23.0
唐山,2026-01-18,12,41.0,优,19.0
唐山,2026-01-18,9,43.0,优,26.0
秦皇岛,2026-01-17,16,34.0,优,13.0
秦皇岛,2026-01-17,19,36.0,优,20.0
秦皇岛,2026-01-17,20,50.0,优,23.0
秦皇岛,2026-01-18,5,49.0,优,26.0
秦皇岛,2026-01-17,23,31.0,优,21.0
秦皇岛,2026-01-18,4,38.0,优,26.0
秦皇岛,2026-01-18,1,45.0,优,25.0
秦皇岛,2026-01-18,14,39.0,优,20.0
秦皇岛,2026-01-18,0,40.0,优,23.0
秦皇岛,2026-01-18,11,51.0,良,24.0
秦皇岛,2026-01-17,18,24.0,优,15.0
秦皇岛,2026-01-18,2,44.0,优,28.0
秦皇岛,2026-01-18,3,47.0,优,29.0
秦皇岛,2026-01-17,22,34.0,优,22.0
秦皇岛,2026-01-17,17,33.0,优,14.0
秦皇岛,2026-01-18,13,44.0,优,25.0
秦皇岛,2026-01-18,6,41.0,优,25.0
秦皇岛,2026-01-18,8,50.0,优,35.0
秦皇岛,2026-01-17,21,35.0,优,19.0
秦皇岛,2026-01-18,10,53.0,良,29.0
秦皇岛,2026-01-18,7,47.0,优,28.0
秦皇岛,2026-01-18,12,46.0,优,23.0
秦皇岛,2026-01-18,9,55.0,良,36.0
保定,2026-01-17,16,52.0,良,31.0
保定,2026-01-17,19,45.0,优,27.0
保定,2026-01-17,20,44.0,优,27.0
保定,2026-01-18,4,43.0,优,27.0
保定,2026-01-18,5,42.0,优,27.0
保定,2026-01-17,23,48.0,优,27.0
保定,2026-01-18,1,44.0,优,28.0
保定,2026-01-18,0,46.0,优,25.0
保定,2026-01-18,14,51.0,良,33.0
保定,2026-01-18,11,47.0,优,27.0
保定,2026-01-17,18,47.0,优,26.0
保定,2026-01-18,2,45.0,优,28.0
保定,2026-01-18,3,45.0,优,31.0
保定,2026-01-17,22,45.0,优,29.0
保定,2026-01-18,13,55.0,良,31.0
保定,2026-01-17,17,51.0,良,31.0
保定,2026-01-18,6,37.0,优,21.0
保定,2026-01-18,8,52.0,良,22.0
保定,2026-01-17,21,45.0,优,28.0
保定,2026-01-18,10,55.0,良,25.0
保定,2026-01-18,7,41.0,优,22.0
保定,2026-01-18,12,57.0,良,30.0
保定,2026-01-18,9,58.0,良,25.0
承德,2026-01-17,16,21.0,优,13.0
承德,2026-01-17,20,35.0,优,17.0
承德,2026-01-17,19,26.0,优,17.0
承德,2026-01-18,4,46.0,优,28.0
承德,2026-01-18,5,48.0,优,20.0
承德,2026-01-18,1,44.0,优,25.0
承德,2026-01-18,0,45.0,优,25.0
承德,2026-01-18,14,42.0,优,28.0
承德,2026-01-17,23,48.0,优,30.0
承德,2026-01-17,18,30.0,优,13.0
承德,2026-01-18,11,46.0,优,19.0
承德,2026-01-18,8,54.0,良,29.0
承德,2026-01-18,13,39.0,优,14.0
承德,2026-01-18,2,44.0,优,22.0
承德,2026-01-18,3,47.0,优,30.0
承德,2026-01-17,22,42.0,优,23.0
承德,2026-01-17,21,44.0,优,22.0
承德,2026-01-17,17,29.0,优,14.0
承德,2026-01-18,6,53.0,良,33.0
承德,2026-01-18,10,53.0,良,31.0
承德,2026-01-18,7,51.0,良,28.0
承德,2026-01-18,12,35.0,优,15.0
承德,2026-01-18,9,55.0,良,34.0
沧州,2026-01-17,16,35.0,优,21.0
沧州,2026-01-17,20,33.0,优,20.0
沧州,2026-01-17,19,36.0,优,22.0
沧州,2026-01-18,4,29.0,优,15.0
沧州,2026-01-18,5,28.0,优,19.0
沧州,2026-01-18,1,29.0,优,20.0
沧州,2026-01-18,0,26.0,优,12.0
沧州,2026-01-18,14,50.0,优,27.0
沧州,2026-01-17,23,30.0,优,16.0
沧州,2026-01-17,18,38.0,优,20.0
沧州,2026-01-18,11,46.0,优,28.0
沧州,2026-01-18,8,40.0,优,22.0
沧州,2026-01-18,13,46.0,优,30.0
沧州,2026-01-18,2,32.0,优,18.0
沧州,2026-01-18,3,30.0,优,17.0
沧州,2026-01-17,22,31.0,优,17.0
沧州,2026-01-17,21,31.0,优,18.0
沧州,2026-01-17,17,38.0,优,22.0
沧州,2026-01-18,6,36.0,优,21.0
沧州,2026-01-18,10,50.0,优,27.0
沧州,2026-01-18,7,37.0,优,25.0
沧州,2026-01-18,12,46.0,优,30.0
沧州,2026-01-18,9,40.0,优,22.0
廊坊,2026-01-17,16,53.0,良,12.0
廊坊,2026-01-17,20,32.0,优,13.0
廊坊,2026-01-17,19,34.0,优,12.0
廊坊,2026-01-18,4,29.0,优,16.0
廊坊,2026-01-18,5,43.0,优,19.0
廊坊,2026-01-18,0,28.0,优,12.0
廊坊,2026-01-18,14,51.0,良,26.0
廊坊,2026-01-17,23,32.0,优,17.0
廊坊,2026-01-18,1,24.0,优,14.0
廊坊,2026-01-17,18,45.0,优,12.0
廊坊,2026-01-18,11,52.0,良,28.0
廊坊,2026-01-18,8,50.0,优,23.0
廊坊,2026-01-18,13,50.0,优,27.0
廊坊,2026-01-18,2,28.0,优,11.0
廊坊,2026-01-18,3,28.0,优,11.0
廊坊,2026-01-17,22,40.0,优,17.0
廊坊,2026-01-17,21,37.0,优,19.0
廊坊,2026-01-17,17,56.0,良,13.0
廊坊,2026-01-18,6,51.0,良,22.0
廊坊,2026-01-18,10,49.0,优,26.0
廊坊,2026-01-18,7,46.0,优,24.0
廊坊,2026-01-18,12,52.0,良,27.0
廊坊,2026-01-18,9,44.0,优,22.0
北京,2026-01-19,8,19.0,优,4.0
北京,2026-01-19,11,18.0,优,6.0
北京,2026-01-19,7,20.0,优,4.0
北京,2026-01-19,10,18.0,优,6.0
北京,2026-01-18,16,46.0,优,32.0
北京,2026-01-18,17,45.0,优,31.0
北京,2026-01-19,6,20.0,优,4.0
北京,2026-01-19,9,18.0,优,5.0
北京,2026-01-18,20,30.0,优,21.0
北京,2026-01-19,12,18.0,优,6.0
北京,2026-01-19,14,19.0,优,6.0
北京,2026-01-18,18,46.0,优,32.0
北京,2026-01-19,13,19.0,优,6.0
北京,2026-01-18,19,43.0,优,30.0
北京,2026-01-19,1,20.0,优,5.0
北京,2026-01-18,22,20.0,优,6.0
北京,2026-01-18,23,21.0,优,5.0
北京,2026-01-19,0,20.0,优,5.0
北京,2026-01-19,4,20.0,优,5.0
北京,2026-01-19,2,20.0,优,6.0
北京,2026-01-19,5,20.0,优,5.0
北京,2026-01-18,21,19.0,优,9.0
北京,2026-01-19,3,20.0,优,5.0
天津,2026-01-19,8,19.0,优,6.0
天津,2026-01-19,11,33.0,优,7.0
天津,2026-01-19,7,19.0,优,5.0
天津,2026-01-19,10,29.0,优,6.0
天津,2026-01-18,16,54.0,良,27.0
天津,2026-01-18,17,54.0,良,27.0
天津,2026-01-19,6,20.0,优,5.0
天津,2026-01-19,9,23.0,优,6.0
天津,2026-01-18,20,59.0,良,32.0
天津,2026-01-19,12,35.0,优,6.0
天津,2026-01-19,14,30.0,优,6.0
天津,2026-01-18,18,56.0,良,29.0
天津,2026-01-19,13,33.0,优,7.0
天津,2026-01-18,19,58.0,良,31.0
天津,2026-01-19,1,33.0,优,13.0
天津,2026-01-18,22,61.0,良,33.0
天津,2026-01-18,23,60.0,良,32.0
天津,2026-01-19,0,52.0,良,25.0
天津,2026-01-19,4,20.0,优,9.0
天津,2026-01-19,2,25.0,优,10.0
天津,2026-01-19,5,20.0,优,5.0
天津,2026-01-18,21,60.0,良,33.0
天津,2026-01-19,3,22.0,优,9.0
邯郸,2026-01-19,8,70.0,良,51.0
邯郸,2026-01-19,11,34.0,优,22.0
邯郸,2026-01-19,7,67.0,良,48.0
邯郸,2026-01-19,10,58.0,良,41.0
邯郸,2026-01-18,16,60.0,良,43.0
邯郸,2026-01-18,17,62.0,良,44.0
邯郸,2026-01-19,9,67.0,良,48.0
邯郸,2026-01-19,6,63.0,良,45.0
邯郸,2026-01-18,20,77.0,良,56.0
邯郸,2026-01-19,12,27.0,优,16.0
邯郸,2026-01-19,14,22.0,优,12.0
邯郸,2026-01-18,18,63.0,良,45.0
邯郸,2026-01-19,13,21.0,优,11.0
邯郸,2026-01-18,19,73.0,良,53.0
邯郸,2026-01-18,22,82.0,良,60.0
邯郸,2026-01-19,1,79.0,良,58.0
邯郸,2026-01-18,23,83.0,良,61.0
邯郸,2026-01-19,0,80.0,良,59.0
邯郸,2026-01-19,4,69.0,良,50.0
邯郸,2026-01-19,2,75.0,良,55.0
邯郸,2026-01-18,21,85.0,良,63.0
邯郸,2026-01-19,5,64.0,良,46.0
邯郸,2026-01-19,3,75.0,良,55.0
衡水,2026-01-19,8,27.0,优,12.0
衡水,2026-01-19,11,31.0,优,10.0
衡水,2026-01-19,7,34.0,优,14.0
衡水,2026-01-18,16,68.0,良,49.0
衡水,2026-01-19,10,35.0,优,8.0
衡水,2026-01-19,9,37.0,优,9.0
衡水,2026-01-18,17,67.0,良,48.0
衡水,2026-01-19,6,38.0,优,25.0
衡水,2026-01-18,20,51.0,良,32.0
衡水,2026-01-19,12,28.0,优,8.0
衡水,2026-01-19,14,26.0,优,8.0
衡水,2026-01-18,18,70.0,良,51.0
衡水,2026-01-19,13,26.0,优,11.0
衡水,2026-01-18,19,62.0,良,44.0
衡水,2026-01-18,22,50.0,优,32.0
衡水,2026-01-19,1,57.0,良,40.0
衡水,2026-01-18,23,48.0,优,30.0
衡水,2026-01-19,0,52.0,良,36.0
衡水,2026-01-19,4,55.0,良,38.0
衡水,2026-01-19,2,58.0,良,41.0
衡水,2026-01-18,21,53.0,良,32.0
衡水,2026-01-19,5,54.0,良,38.0
衡水,2026-01-19,3,57.0,良,38.0
石家庄,2026-01-19,8,55.0,良,34.0
石家庄,2026-01-19,11,46.0,优,19.0
石家庄,2026-01-19,7,57.0,良,40.0
石家庄,2026-01-19,10,50.0,优,21.0
石家庄,2026-01-18,16,60.0,良,43.0
石家庄,2026-01-18,17,62.0,良,44.0
石家庄,2026-01-19,6,63.0,良,45.0
石家庄,2026-01-19,9,50.0,优,28.0
石家庄,2026-01-18,20,65.0,良,47.0
石家庄,2026-01-19,12,44.0,优,19.0
石家庄,2026-01-19,14,46.0,优,22.0
石家庄,2026-01-18,18,64.0,良,46.0
石家庄,2026-01-19,13,40.0,优,21.0
石家庄,2026-01-18,19,68.0,良,49.0
石家庄,2026-01-19,1,63.0,良,45.0
石家庄,2026-01-18,22,67.0,良,48.0
石家庄,2026-01-18,23,65.0,良,47.0
石家庄,2026-01-19,0,67.0,良,48.0
石家庄,2026-01-19,4,62.0,良,44.0
石家庄,2026-01-19,2,64.0,良,46.0
石家庄,2026-01-19,5,58.0,良,41.0
石家庄,2026-01-18,21,68.0,良,49.0
石家庄,2026-01-19,3,63.0,良,45.0
邢台,2026-01-19,8,63.0,良,45.0
邢台,2026-01-19,11,38.0,优,16.0
邢台,2026-01-19,7,62.0,良,44.0
邢台,2026-01-18,16,55.0,良,37.0
邢台,2026-01-18,17,57.0,良,40.0
邢台,2026-01-19,10,43.0,优,14.0
邢台,2026-01-19,9,57.0,良,31.0
邢台,2026-01-19,6,57.0,良,40.0
邢台,2026-01-18,20,70.0,良,51.0
邢台,2026-01-19,12,32.0,优,9.0
邢台,2026-01-19,14,26.0,优,6.0
邢台,2026-01-18,18,59.0,良,42.0
邢台,2026-01-19,13,22.0,优,6.0
邢台,2026-01-18,19,62.0,良,44.0
邢台,2026-01-18,22,70.0,良,51.0
邢台,2026-01-19,1,65.0,良,47.0
邢台,2026-01-18,23,72.0,良,52.0
邢台,2026-01-19,0,68.0,良,49.0
邢台,2026-01-19,4,62.0,良,44.0
邢台,2026-01-19,2,64.0,良,46.0
邢台,2026-01-18,21,73.0,良,53.0
邢台,2026-01-19,5,57.0,良,40.0
邢台,2026-01-19,3,59.0,良,42.0
唐山,2026-01-19,8,20.0,优,9.0
唐山,2026-01-19,11,30.0,优,6.0
唐山,2026-01-19,7,17.0,优,7.0
唐山,2026-01-19,10,31.0,优,8.0
唐山,2026-01-18,16,45.0,优,26.0
唐山,2026-01-18,17,46.0,优,27.0
唐山,2026-01-19,6,17.0,优,7.0
唐山,2026-01-19,9,23.0,优,8.0
唐山,2026-01-18,20,64.0,良,44.0
唐山,2026-01-19,12,28.0,优,5.0
唐山,2026-01-19,14,20.0,优,4.0
唐山,2026-01-18,18,54.0,良,30.0
唐山,2026-01-19,13,20.0,优,5.0
唐山,2026-01-18,19,61.0,良,40.0
唐山,2026-01-18,22,64.0,良,44.0
唐山,2026-01-19,1,63.0,良,42.0
唐山,2026-01-18,23,69.0,良,46.0
唐山,2026-01-19,0,65.0,良,41.0
唐山,2026-01-19,4,25.0,优,8.0
唐山,2026-01-19,2,53.0,良,30.0
唐山,2026-01-18,21,63.0,良,42.0
唐山,2026-01-19,5,18.0,优,6.0
唐山,2026-01-19,3,35.0,优,15.0
秦皇岛,2026-01-19,8,25.0,优,14.0
秦皇岛,2026-01-19,11,21.0,优,8.0
秦皇岛,2026-01-19,7,26.0,优,18.0
秦皇岛,2026-01-19,10,22.0,优,8.0
秦皇岛,2026-01-18,16,43.0,优,22.0
秦皇岛,2026-01-18,17,42.0,优,23.0
秦皇岛,2026-01-19,6,25.0,优,17.0
秦皇岛,2026-01-19,9,23.0,优,11.0
秦皇岛,2026-01-18,20,53.0,良,28.0
秦皇岛,2026-01-19,12,39.0,优,7.0
秦皇岛,2026-01-19,14,21.0,优,11.0
秦皇岛,2026-01-18,18,47.0,优,27.0
秦皇岛,2026-01-19,13,22.0,优,8.0
秦皇岛,2026-01-18,19,52.0,良,27.0
秦皇岛,2026-01-18,22,49.0,优,30.0
秦皇岛,2026-01-19,1,39.0,优,27.0
秦皇岛,2026-01-18,23,43.0,优,28.0
秦皇岛,2026-01-19,0,40.0,优,26.0
秦皇岛,2026-01-19,4,27.0,优,17.0
秦皇岛,2026-01-19,2,39.0,优,26.0
秦皇岛,2026-01-18,21,50.0,优,32.0
秦皇岛,2026-01-19,5,30.0,优,18.0
秦皇岛,2026-01-19,3,35.0,优,22.0
保定,2026-01-19,8,31.0,优,10.0
保定,2026-01-19,11,32.0,优,8.0
保定,2026-01-19,7,30.0,优,10.0
保定,2026-01-18,16,51.0,良,32.0
保定,2026-01-18,17,50.0,优,35.0
保定,2026-01-19,10,32.0,优,8.0
保定,2026-01-19,9,33.0,优,11.0
保定,2026-01-19,6,28.0,优,11.0
保定,2026-01-18,20,55.0,良,39.0
保定,2026-01-19,12,30.0,优,9.0
保定,2026-01-19,14,28.0,优,10.0
保定,2026-01-18,18,51.0,良,35.0
保定,2026-01-19,13,28.0,优,8.0
保定,2026-01-18,19,54.0,良,38.0
保定,2026-01-18,22,55.0,良,39.0
保定,2026-01-19,1,57.0,良,40.0
保定,2026-01-18,23,58.0,良,41.0
保定,2026-01-19,0,59.0,良,42.0
保定,2026-01-19,4,30.0,优,13.0
保定,2026-01-19,2,47.0,优,28.0
保定,2026-01-18,21,57.0,良,40.0
保定,2026-01-19,5,27.0,优,10.0
保定,2026-01-19,3,37.0,优,16.0
承德,2026-01-19,8,36.0,优,12.0
承德,2026-01-19,11,22.0,优,4.0
承德,2026-01-19,7,33.0,优,8.0
承德,2026-01-18,16,53.0,良,28.0
承德,2026-01-18,17,52.0,良,30.0
承德,2026-01-19,10,32.0,优,22.0
承德,2026-01-19,9,25.0,优,4.0
承德,2026-01-19,6,38.0,优,12.0
承德,2026-01-18,20,33.0,优,10.0
承德,2026-01-19,12,21.0,优,4.0
承德,2026-01-19,14,20.0,优,4.0
承德,2026-01-18,18,45.0,优,16.0
承德,2026-01-19,13,26.0,优,2.0
承德,2026-01-18,19,43.0,优,11.0
承德,2026-01-18,22,32.0,优,8.0
承德,2026-01-19,1,23.0,优,7.0
承德,2026-01-18,23,22.0,优,6.0
承德,2026-01-19,0,21.0,优,4.0
承德,2026-01-19,4,51.0,良,4.0
承德,2026-01-19,2,24.0,优,5.0
承德,2026-01-18,21,42.0,优,11.0
承德,2026-01-19,5,72.0,良,13.0
承德,2026-01-19,3,50.0,优,4.0
沧州,2026-01-19,8,26.0,优,14.0
沧州,2026-01-19,11,37.0,优,12.0
沧州,2026-01-19,7,28.0,优,16.0
沧州,2026-01-18,16,52.0,良,27.0
沧州,2026-01-19,10,37.0,优,11.0
沧州,2026-01-19,9,28.0,优,14.0
沧州,2026-01-18,17,54.0,良,24.0
沧州,2026-01-19,6,36.0,优,12.0
沧州,2026-01-18,20,51.0,良,29.0
沧州,2026-01-19,12,40.0,优,15.0
沧州,2026-01-19,14,43.0,优,10.0
沧州,2026-01-18,18,53.0,良,28.0
沧州,2026-01-19,13,43.0,优,10.0
沧州,2026-01-18,19,51.0,良,28.0
沧州,2026-01-18,22,52.0,良,30.0
沧州,2026-01-19,1,54.0,良,32.0
沧州,2026-01-18,23,52.0,良,32.0
沧州,2026-01-19,0,52.0,良,33.0
沧州,2026-01-19,4,40.0,优,16.0
沧州,2026-01-19,2,54.0,良,33.0
沧州,2026-01-18,21,51.0,良,27.0
沧州,2026-01-19,5,30.0,优,12.0
沧州,2026-01-19,3,53.0,良,26.0
廊坊,2026-01-19,8,19.0,优,4.0
廊坊,2026-01-19,11,38.0,优,5.0
廊坊,2026-01-19,7,20.0,优,5.0
廊坊,2026-01-18,16,51.0,良,28.0
廊坊,2026-01-19,10,40.0,优,6.0
廊坊,2026-01-19,9,30.0,优,6.0
廊坊,2026-01-18,17,52.0,良,32.0
廊坊,2026-01-19,6,20.0,优,4.0
廊坊,2026-01-18,20,59.0,良,40.0
廊坊,2026-01-19,12,30.0,优,6.0
廊坊,2026-01-19,14,26.0,优,6.0
廊坊,2026-01-18,18,57.0,良,37.0
廊坊,2026-01-19,13,27.0,优,5.0
廊坊,2026-01-18,19,59.0,良,41.0
廊坊,2026-01-18,22,59.0,良,25.0
廊坊,2026-01-19,1,26.0,优,4.0
廊坊,2026-01-18,23,40.0,优,4.0
廊坊,2026-01-19,0,28.0,优,4.0
廊坊,2026-01-19,4,22.0,优,6.0
廊坊,2026-01-19,2,28.0,优,5.0
廊坊,2026-01-18,21,57.0,良,40.0
廊坊,2026-01-19,5,23.0,优,5.0
廊坊,2026-01-19,3,20.0,优,4.0
